"TERYT","GENDER","AGE","predictions"
1001,"K","<75-84>",4
1001,"K","<55-64>",20
1001,"M","<0-44>",0
1001,"M","<45-54>",0
1001,"K","<45-54>",11
1001,"M","<65-74>",0
1001,"K","<0-44>",8
1001,"K","85+",1
1001,"M","<75-84>",0
1001,"K","<65-74>",9
1001,"M","<55-64>",1
1001,"M","85+",0
1002,"M","<75-84>",0
1002,"M","<0-44>",0
1002,"M","85+",0
1002,"K","<45-54>",11
1002,"K","<65-74>",11
1002,"M","<45-54>",0
1002,"K","<55-64>",17
1002,"K","85+",1
1002,"K","<75-84>",6
1002,"M","<55-64>",1
1002,"K","<0-44>",6
1002,"M","<65-74>",1
1003,"M","<65-74>",0
1003,"K","<75-84>",3
1003,"K","<0-44>",3
1003,"K","<65-74>",5
1003,"K","85+",1
1003,"K","<45-54>",5
1003,"M","<0-44>",0
1003,"M","<75-84>",0
1003,"M","<55-64>",0
1003,"K","<55-64>",8
1003,"M","85+",0
1003,"M","<45-54>",0
1004,"M","<75-84>",0
1004,"K","<75-84>",5
1004,"M","85+",0
1004,"M","<55-64>",1
1004,"M","<45-54>",0
1004,"K","<65-74>",8
1004,"K","<55-64>",11
1004,"K","<0-44>",6
1004,"K","85+",1
1004,"M","<65-74>",1
1004,"K","<45-54>",8
1004,"M","<0-44>",1
1005,"M","<0-44>",0
1005,"K","<65-74>",8
1005,"K","85+",1
1005,"M","85+",0
1005,"K","<45-54>",8
1005,"K","<75-84>",5
1005,"K","<55-64>",13
1005,"M","<55-64>",0
1005,"M","<45-54>",0
1005,"M","<65-74>",0
1005,"M","<75-84>",0
1005,"K","<0-44>",5
1006,"M","<65-74>",0
1006,"M","<45-54>",0
1006,"K","85+",1
1006,"M","<55-64>",0
1006,"K","<0-44>",6
1006,"K","<55-64>",13
1006,"M","<0-44>",0
1006,"K","<75-84>",3
1006,"K","<65-74>",8
1006,"M","85+",0
1006,"K","<45-54>",8
1006,"M","<75-84>",0
1007,"M","<65-74>",0
1007,"M","85+",0
1007,"K","<55-64>",9
1007,"K","<0-44>",5
1007,"M","<75-84>",0
1007,"K","<45-54>",8
1007,"M","<45-54>",0
1007,"K","<65-74>",6
1007,"K","<75-84>",5
1007,"M","<55-64>",0
1007,"M","<0-44>",0
1007,"K","85+",1
1008,"K","<55-64>",22
1008,"M","<45-54>",0
1008,"M","<0-44>",0
1008,"K","<75-84>",9
1008,"M","85+",0
1008,"K","<65-74>",14
1008,"M","<75-84>",0
1008,"K","<45-54>",14
1008,"M","<65-74>",1
1008,"K","85+",2
1008,"M","<55-64>",1
1008,"K","<0-44>",7
1009,"M","<55-64>",1
1009,"K","<75-84>",4
1009,"K","<45-54>",5
1009,"M","85+",0
1009,"M","<65-74>",0
1009,"M","<0-44>",0
1009,"M","<45-54>",0
1009,"K","85+",1
1009,"K","<55-64>",7
1009,"K","<65-74>",5
1009,"M","<75-84>",0
1009,"K","<0-44>",6
1010,"K","<75-84>",4
1010,"K","<55-64>",11
1010,"K","<45-54>",8
1010,"K","<65-74>",7
1010,"M","<45-54>",0
1010,"K","<0-44>",6
1010,"M","<55-64>",0
1010,"M","<65-74>",0
1010,"M","<75-84>",0
1010,"M","85+",0
1010,"K","85+",1
1010,"M","<0-44>",0
1012,"K","<65-74>",9
1012,"M","<0-44>",0
1012,"M","<65-74>",0
1012,"M","<55-64>",0
1012,"K","<45-54>",9
1012,"K","<75-84>",5
1012,"M","<75-84>",0
1012,"M","85+",0
1012,"K","<55-64>",15
1012,"K","85+",1
1012,"M","<45-54>",0
1012,"K","<0-44>",5
1014,"K","<65-74>",12
1014,"M","<55-64>",0
1014,"M","<45-54>",0
1014,"K","<45-54>",12
1014,"K","<55-64>",16
1014,"K","<75-84>",6
1014,"K","85+",1
1014,"M","<75-84>",0
1014,"K","<0-44>",7
1014,"M","<0-44>",0
1014,"M","85+",0
1014,"M","<65-74>",1
1016,"K","85+",2
1016,"K","<0-44>",6
1016,"K","<0-44>",8
1016,"M","<65-74>",0
1016,"K","<65-74>",9
1016,"M","<45-54>",0
1016,"M","85+",0
1016,"M","<75-84>",0
1016,"M","<45-54>",0
1016,"M","<75-84>",0
1016,"M","<0-44>",1
1016,"K","<75-84>",6
1016,"K","<55-64>",13
1016,"M","85+",0
1016,"K","<65-74>",13
1016,"M","<0-44>",1
1016,"M","<65-74>",0
1016,"M","<55-64>",1
1016,"K","<75-84>",9
1016,"K","<45-54>",10
1016,"K","<45-54>",14
1016,"K","<55-64>",21
1016,"M","<55-64>",0
1016,"K","85+",1
1017,"K","<75-84>",4
1017,"K","<45-54>",8
1017,"M","<0-44>",0
1017,"M","<55-64>",0
1017,"M","<65-74>",0
1017,"M","85+",0
1017,"K","<55-64>",11
1017,"K","<0-44>",4
1017,"K","<65-74>",8
1017,"M","<45-54>",0
1017,"K","85+",1
1017,"M","<75-84>",0
1018,"K","<65-74>",3
1018,"M","<55-64>",0
1018,"K","<45-54>",4
1018,"M","<65-74>",0
1018,"K","85+",0
1018,"K","<75-84>",2
1018,"M","85+",0
1018,"M","<0-44>",0
1018,"K","<55-64>",5
1018,"M","<75-84>",0
1018,"M","<45-54>",0
1018,"K","<0-44>",3
1019,"K","<75-84>",5
1019,"M","<75-84>",0
1019,"M","85+",0
1019,"K","<0-44>",4
1019,"K","<45-54>",8
1019,"K","<65-74>",8
1019,"M","<65-74>",0
1019,"K","<55-64>",13
1019,"M","<0-44>",0
1019,"K","85+",1
1019,"M","<55-64>",0
1019,"M","<45-54>",0
1020,"M","<45-54>",0
1020,"K","<75-84>",9
1020,"M","<0-44>",1
1020,"K","85+",2
1020,"K","<65-74>",19
1020,"M","<65-74>",1
1020,"K","<0-44>",12
1020,"K","<55-64>",29
1020,"M","<75-84>",0
1020,"M","85+",0
1020,"M","<55-64>",1
1020,"K","<45-54>",17
1021,"M","<65-74>",0
1021,"K","<55-64>",6
1021,"M","<0-44>",0
1021,"M","85+",0
1021,"K","<75-84>",2
1021,"K","85+",0
1021,"K","<45-54>",3
1021,"K","<0-44>",2
1021,"K","<65-74>",4
1021,"M","<75-84>",0
1021,"M","<55-64>",0
1021,"M","<45-54>",0
1061,"K","<75-84>",56
1061,"M","<65-74>",5
1061,"K","85+",16
1061,"K","<0-44>",50
1061,"M","<55-64>",4
1061,"K","<45-54>",70
1061,"M","85+",0
1061,"M","<45-54>",1
1061,"K","<55-64>",149
1061,"K","<65-74>",98
1061,"M","<75-84>",2
1061,"M","<0-44>",3
1062,"M","<75-84>",0
1062,"M","85+",0
1062,"K","<55-64>",15
1062,"K","<75-84>",5
1062,"M","<55-64>",0
1062,"K","<45-54>",7
1062,"M","<45-54>",0
1062,"K","85+",1
1062,"K","<0-44>",5
1062,"M","<0-44>",0
1062,"K","<65-74>",10
1062,"M","<65-74>",0
1063,"K","<45-54>",6
1063,"M","<75-84>",0
1063,"M","<45-54>",0
1063,"M","<65-74>",0
1063,"K","<0-44>",3
1063,"K","<55-64>",9
1063,"M","85+",0
1063,"M","<55-64>",0
1063,"M","<0-44>",0
1063,"K","<75-84>",3
1063,"K","<65-74>",6
1063,"K","85+",1
1201,"K","<0-44>",7
1201,"K","85+",1
1201,"M","85+",0
1201,"K","<65-74>",9
1201,"M","<75-84>",0
1201,"K","<45-54>",10
1201,"K","<75-84>",5
1201,"M","<45-54>",0
1201,"M","<65-74>",0
1201,"M","<0-44>",0
1201,"K","<55-64>",15
1201,"M","<55-64>",0
1202,"K","<0-44>",6
1202,"M","<65-74>",0
1202,"M","<0-44>",0
1202,"K","<55-64>",12
1202,"K","<75-84>",5
1202,"M","<55-64>",0
1202,"M","<45-54>",0
1202,"K","<55-64>",16
1202,"M","85+",0
1202,"K","<65-74>",9
1202,"K","<45-54>",10
1202,"M","<65-74>",0
1202,"M","<0-44>",0
1202,"K","85+",1
1202,"M","85+",0
1202,"M","<45-54>",0
1202,"K","<75-84>",5
1202,"K","<45-54>",10
1202,"M","<75-84>",0
1202,"M","<75-84>",0
1202,"M","<55-64>",0
1202,"K","<0-44>",5
1202,"K","<65-74>",8
1202,"K","85+",1
1203,"K","<55-64>",24
1203,"K","<65-74>",16
1203,"K","<0-44>",8
1203,"K","<45-54>",15
1203,"M","<65-74>",1
1203,"M","<75-84>",0
1203,"M","85+",0
1203,"M","<55-64>",1
1203,"K","<75-84>",10
1203,"M","<0-44>",0
1203,"K","85+",3
1203,"M","<45-54>",0
1205,"M","85+",0
1205,"K","<75-84>",7
1205,"K","85+",1
1205,"K","<45-54>",12
1205,"M","<65-74>",1
1205,"K","<55-64>",13
1205,"K","<0-44>",7
1205,"M","<0-44>",1
1205,"M","<75-84>",0
1205,"M","<55-64>",1
1205,"K","<65-74>",8
1205,"M","<45-54>",0
1206,"M","<0-44>",2
1206,"M","<65-74>",2
1206,"K","<55-64>",39
1206,"K","<0-44>",25
1206,"M","<75-84>",1
1206,"M","85+",0
1206,"K","85+",4
1206,"K","<75-84>",17
1206,"M","<55-64>",2
1206,"K","<65-74>",24
1206,"M","<45-54>",1
1206,"K","<45-54>",28
1208,"K","<0-44>",3
1208,"K","<45-54>",5
1208,"K","<65-74>",6
1208,"M","<75-84>",0
1208,"K","<75-84>",3
1208,"M","<65-74>",0
1208,"M","<0-44>",0
1208,"M","85+",0
1208,"K","<55-64>",8
1208,"M","<45-54>",0
1208,"K","85+",1
1208,"M","<55-64>",0
1209,"M","<0-44>",0
1209,"K","<45-54>",12
1209,"M","<55-64>",0
1209,"K","<75-84>",5
1209,"M","<75-84>",0
1209,"K","<0-44>",9
1209,"M","<65-74>",0
1209,"K","<55-64>",13
1209,"K","85+",2
1209,"K","<65-74>",8
1209,"M","85+",0
1209,"M","<45-54>",0
1210,"M","<75-84>",0
1210,"M","<65-74>",1
1210,"M","<55-64>",1
1210,"M","85+",0
1210,"K","<55-64>",19
1210,"K","85+",2
1210,"K","<45-54>",18
1210,"K","<75-84>",9
1210,"K","<0-44>",15
1210,"K","<65-74>",14
1210,"M","<45-54>",1
1210,"M","<0-44>",2
1211,"K","<65-74>",16
1211,"M","<75-84>",0
1211,"M","<65-74>",0
1211,"M","85+",0
1211,"K","<45-54>",19
1211,"M","<55-64>",1
1211,"M","<0-44>",0
1211,"K","<75-84>",9
1211,"K","85+",2
1211,"M","<45-54>",0
1211,"K","<0-44>",12
1211,"K","<55-64>",24
1212,"M","<45-54>",0
1212,"M","<0-44>",0
1212,"K","<0-44>",8
1212,"K","85+",1
1212,"K","<65-74>",9
1212,"M","<75-84>",0
1212,"M","85+",0
1212,"M","<65-74>",1
1212,"M","<55-64>",1
1212,"K","<55-64>",16
1212,"K","<45-54>",12
1212,"K","<75-84>",7
1213,"M","<0-44>",1
1213,"K","<75-84>",11
1213,"K","<45-54>",17
1213,"K","<55-64>",24
1213,"M","<75-84>",1
1213,"M","<45-54>",1
1213,"K","85+",2
1213,"M","85+",0
1213,"M","<65-74>",1
1213,"K","<65-74>",17
1213,"M","<55-64>",1
1213,"K","<0-44>",10
1216,"M","<55-64>",1
1216,"M","<45-54>",0
1216,"M","<65-74>",1
1216,"M","<75-84>",0
1216,"K","<75-84>",9
1216,"M","<0-44>",1
1216,"K","<65-74>",14
1216,"K","<55-64>",21
1216,"K","<0-44>",15
1216,"K","<45-54>",17
1216,"K","85+",3
1216,"M","85+",0
1217,"M","<75-84>",0
1217,"K","85+",1
1217,"K","<75-84>",5
1217,"K","<65-74>",9
1217,"M","<45-54>",0
1217,"K","<55-64>",14
1217,"M","<0-44>",0
1217,"K","<0-44>",9
1217,"K","<45-54>",9
1217,"M","<55-64>",1
1217,"M","85+",0
1217,"M","<65-74>",0
1218,"M","<0-44>",0
1218,"K","<65-74>",12
1218,"M","<65-74>",0
1218,"M","<45-54>",0
1218,"K","85+",1
1218,"K","<0-44>",9
1218,"K","<55-64>",19
1218,"M","85+",0
1218,"K","<45-54>",14
1218,"M","<55-64>",1
1218,"M","<75-84>",0
1218,"K","<75-84>",8
1219,"M","<65-74>",1
1219,"K","<45-54>",12
1219,"K","<0-44>",9
1219,"M","<75-84>",0
1219,"K","<55-64>",16
1219,"K","<65-74>",9
1219,"K","<75-84>",6
1219,"M","85+",0
1219,"M","<0-44>",1
1219,"M","<45-54>",0
1219,"K","85+",2
1219,"M","<55-64>",1
1261,"K","<75-84>",68
1261,"M","<75-84>",3
1261,"K","<65-74>",110
1261,"M","<0-44>",3
1261,"K","<0-44>",54
1261,"M","<55-64>",3
1261,"M","<45-54>",1
1261,"K","<45-54>",78
1261,"K","85+",16
1261,"K","<55-64>",151
1261,"M","<65-74>",4
1261,"M","85+",0
1262,"M","85+",0
1262,"K","<45-54>",11
1262,"K","85+",1
1262,"M","<75-84>",0
1262,"K","<0-44>",5
1262,"M","<45-54>",0
1262,"K","<55-64>",14
1262,"K","<65-74>",9
1262,"M","<55-64>",0
1262,"M","<65-74>",0
1262,"M","<0-44>",0
1262,"K","<75-84>",5
1263,"K","<45-54>",13
1263,"M","85+",0
1263,"K","85+",2
1263,"M","<65-74>",1
1263,"K","<55-64>",23
1263,"M","<75-84>",0
1263,"K","<65-74>",17
1263,"M","<45-54>",0
1263,"K","<75-84>",9
1263,"M","<0-44>",0
1263,"M","<55-64>",1
1263,"K","<0-44>",8
1401,"M","<75-84>",0
1401,"M","85+",0
1401,"K","<55-64>",4
1401,"M","<65-74>",0
1401,"K","85+",0
1401,"K","<65-74>",3
1401,"M","<55-64>",0
1401,"K","<75-84>",2
1401,"M","<45-54>",0
1401,"K","<45-54>",4
1401,"M","<0-44>",0
1401,"K","<0-44>",3
1402,"M","<0-44>",0
1402,"K","<75-84>",5
1402,"M","<45-54>",0
1402,"M","<75-84>",0
1402,"M","85+",0
1402,"K","<65-74>",7
1402,"K","<45-54>",11
1402,"M","<55-64>",1
1402,"M","<65-74>",1
1402,"K","<55-64>",14
1402,"K","85+",1
1402,"K","<0-44>",7
1403,"K","<65-74>",12
1403,"M","<65-74>",1
1403,"M","<45-54>",0
1403,"M","<75-84>",0
1403,"M","85+",0
1403,"K","<55-64>",18
1403,"K","<75-84>",7
1403,"K","85+",2
1403,"K","<45-54>",14
1403,"M","<55-64>",1
1403,"K","<0-44>",11
1403,"M","<0-44>",1
1404,"M","85+",0
1404,"M","<45-54>",0
1404,"M","<65-74>",0
1404,"K","<55-64>",8
1404,"K","<65-74>",5
1404,"M","<55-64>",0
1404,"M","<0-44>",0
1404,"K","<0-44>",3
1404,"K","<75-84>",3
1404,"M","<75-84>",0
1404,"K","85+",1
1404,"K","<45-54>",4
1405,"K","<75-84>",7
1405,"M","<0-44>",1
1405,"M","<55-64>",1
1405,"M","<75-84>",0
1405,"M","<65-74>",1
1405,"K","<65-74>",11
1405,"K","85+",1
1405,"M","<55-64>",1
1405,"K","85+",2
1405,"M","85+",0
1405,"M","<75-84>",0
1405,"K","<45-54>",7
1405,"K","<55-64>",8
1405,"M","<65-74>",0
1405,"K","<55-64>",17
1405,"M","<45-54>",1
1405,"K","<75-84>",3
1405,"K","<45-54>",12
1405,"K","<0-44>",13
1405,"M","85+",0
1405,"K","<65-74>",5
1405,"M","<45-54>",0
1405,"M","<0-44>",2
1405,"K","<0-44>",8
1406,"M","<65-74>",0
1406,"K","<65-74>",10
1406,"K","<0-44>",12
1406,"M","<55-64>",1
1406,"K","85+",2
1406,"K","<75-84>",6
1406,"K","<45-54>",10
1406,"M","85+",0
1406,"K","<55-64>",17
1406,"M","<75-84>",0
1406,"M","<0-44>",1
1406,"M","<45-54>",1
1407,"K","<55-64>",11
1407,"K","<45-54>",5
1407,"M","<45-54>",0
1407,"M","<0-44>",2
1407,"K","<65-74>",5
1407,"M","<55-64>",1
1407,"K","<75-84>",3
1407,"M","<75-84>",0
1407,"K","<0-44>",5
1407,"K","85+",1
1407,"M","85+",0
1407,"M","<65-74>",1
1408,"M","<55-64>",1
1408,"K","<75-84>",7
1408,"M","<65-74>",1
1408,"K","<0-44>",9
1408,"M","<0-44>",1
1408,"K","<65-74>",11
1408,"K","<45-54>",13
1408,"M","<45-54>",1
1408,"K","<55-64>",22
1408,"M","<75-84>",0
1408,"M","85+",0
1408,"K","85+",1
1409,"M","<75-84>",0
1409,"M","<55-64>",0
1409,"M","<0-44>",0
1409,"M","<45-54>",0
1409,"M","85+",0
1409,"K","<65-74>",4
1409,"K","<0-44>",3
1409,"K","<45-54>",4
1409,"K","<55-64>",5
1409,"K","85+",1
1409,"K","<75-84>",2
1409,"M","<65-74>",0
1410,"K","<75-84>",2
1410,"K","<0-44>",2
1410,"M","85+",0
1410,"M","<65-74>",0
1410,"K","<45-54>",3
1410,"K","85+",1
1410,"M","<0-44>",0
1410,"K","<55-64>",4
1410,"M","<75-84>",0
1410,"M","<45-54>",0
1410,"M","<55-64>",0
1410,"K","<65-74>",2
1411,"K","<75-84>",2
1411,"M","<75-84>",0
1411,"M","85+",0
1411,"M","<45-54>",0
1411,"M","<65-74>",0
1411,"M","<55-64>",0
1411,"K","<45-54>",4
1411,"K","85+",0
1411,"K","<55-64>",6
1411,"K","<0-44>",3
1411,"K","<65-74>",3
1411,"M","<0-44>",0
1412,"K","<75-84>",8
1412,"M","<55-64>",0
1412,"K","<45-54>",15
1412,"K","<0-44>",10
1412,"M","<0-44>",0
1412,"M","<75-84>",0
1412,"K","85+",2
1412,"M","<65-74>",0
1412,"M","<45-54>",0
1412,"K","<65-74>",14
1412,"M","85+",0
1412,"K","<55-64>",24
1413,"K","<65-74>",7
1413,"M","<75-84>",0
1413,"K","<75-84>",6
1413,"K","<55-64>",12
1413,"M","<55-64>",1
1413,"K","<0-44>",6
1413,"M","85+",0
1413,"M","<65-74>",1
1413,"M","<0-44>",0
1413,"M","<45-54>",0
1413,"K","<45-54>",10
1413,"K","85+",1
1414,"K","<65-74>",6
1414,"M","<45-54>",0
1414,"M","<0-44>",0
1414,"K","<0-44>",4
1414,"K","<75-84>",3
1414,"K","<55-64>",12
1414,"K","<0-44>",2
1414,"K","<45-54>",7
1414,"M","85+",0
1414,"M","<45-54>",0
1414,"M","<65-74>",0
1414,"K","<65-74>",2
1414,"K","<75-84>",1
1414,"M","<55-64>",0
1414,"K","<55-64>",5
1414,"K","85+",1
1414,"M","<75-84>",0
1414,"M","85+",0
1414,"M","<65-74>",0
1414,"M","<75-84>",0
1414,"M","<0-44>",0
1414,"M","<55-64>",0
1414,"K","85+",0
1414,"K","<45-54>",3
1416,"M","85+",0
1416,"K","<0-44>",10
1416,"K","<55-64>",27
1416,"K","<45-54>",19
1416,"M","85+",0
1416,"K","<45-54>",8
1416,"K","<75-84>",5
1416,"K","<65-74>",7
1416,"M","<65-74>",0
1416,"M","<65-74>",1
1416,"M","<75-84>",0
1416,"M","<45-54>",0
1416,"K","85+",1
1416,"M","<45-54>",0
1416,"K","<0-44>",4
1416,"K","<75-84>",8
1416,"M","<0-44>",0
1416,"K","<55-64>",12
1416,"K","85+",1
1416,"M","<0-44>",0
1416,"M","<55-64>",1
1416,"M","<75-84>",0
1416,"M","<55-64>",0
1416,"K","<65-74>",15
1417,"M","<0-44>",1
1417,"K","<0-44>",19
1417,"M","<55-64>",1
1417,"K","<75-84>",8
1417,"M","<65-74>",0
1417,"K","<55-64>",22
1417,"M","85+",0
1417,"M","<45-54>",1
1417,"M","<75-84>",0
1417,"K","85+",3
1417,"K","<45-54>",15
1417,"K","<65-74>",14
1418,"K","<45-54>",36
1418,"M","<45-54>",4
1418,"K","<65-74>",32
1418,"M","<65-74>",3
1418,"M","<75-84>",1
1418,"K","<0-44>",53
1418,"M","85+",1
1418,"M","<55-64>",4
1418,"M","<0-44>",13
1418,"K","85+",4
1418,"K","<75-84>",14
1418,"K","<55-64>",50
1420,"M","<75-84>",0
1420,"M","85+",0
1420,"K","<55-64>",14
1420,"M","<65-74>",0
1420,"K","<75-84>",5
1420,"K","<0-44>",7
1420,"K","<45-54>",10
1420,"K","<65-74>",8
1420,"M","<45-54>",0
1420,"M","<0-44>",0
1420,"M","<55-64>",1
1420,"K","85+",1
1421,"M","<45-54>",1
1421,"M","<65-74>",1
1421,"K","<55-64>",30
1421,"K","<65-74>",19
1421,"M","<55-64>",1
1421,"M","<75-84>",0
1421,"K","<0-44>",19
1421,"K","85+",3
1421,"M","85+",0
1421,"M","<0-44>",1
1421,"K","<75-84>",10
1421,"K","<45-54>",18
1422,"M","85+",0
1422,"K","<75-84>",3
1422,"M","<65-74>",0
1422,"M","<55-64>",1
1422,"M","<0-44>",1
1422,"K","<65-74>",4
1422,"K","<0-44>",6
1422,"M","<45-54>",0
1422,"K","<45-54>",6
1422,"K","85+",1
1422,"M","<75-84>",0
1422,"K","<55-64>",7
1423,"M","<45-54>",0
1423,"K","<45-54>",4
1423,"M","<0-44>",0
1423,"M","<75-84>",0
1423,"K","<65-74>",5
1423,"M","<55-64>",0
1423,"K","<0-44>",2
1423,"M","85+",0
1423,"K","<55-64>",6
1423,"M","<65-74>",0
1423,"K","85+",1
1423,"K","<75-84>",3
1424,"M","<0-44>",0
1424,"K","<65-74>",5
1424,"M","<55-64>",0
1424,"M","85+",0
1424,"K","<45-54>",6
1424,"M","<45-54>",0
1424,"M","<65-74>",0
1424,"K","<0-44>",3
1424,"K","<75-84>",3
1424,"K","85+",1
1424,"M","<75-84>",0
1424,"K","<55-64>",8
1425,"K","<45-54>",13
1425,"K","<0-44>",11
1425,"K","<65-74>",13
1425,"M","<0-44>",0
1425,"M","<75-84>",0
1425,"M","<55-64>",1
1425,"K","<55-64>",22
1425,"M","<45-54>",0
1425,"K","<75-84>",5
1425,"M","<65-74>",1
1425,"M","85+",0
1425,"K","85+",1
1426,"M","<75-84>",0
1426,"K","<65-74>",5
1426,"K","<75-84>",3
1426,"K","<0-44>",5
1426,"M","<0-44>",0
1426,"M","<65-74>",0
1426,"M","85+",0
1426,"M","<55-64>",0
1426,"K","<45-54>",7
1426,"M","<45-54>",0
1426,"K","<55-64>",8
1426,"K","85+",1
1427,"M","<45-54>",0
1427,"K","85+",1
1427,"K","<75-84>",3
1427,"K","<45-54>",5
1427,"K","<65-74>",4
1427,"M","85+",0
1427,"M","<75-84>",0
1427,"M","<55-64>",0
1427,"K","<55-64>",7
1427,"M","<0-44>",0
1427,"M","<65-74>",0
1427,"K","<0-44>",3
1428,"M","<75-84>",0
1428,"M","<45-54>",1
1428,"K","<65-74>",11
1428,"K","<75-84>",6
1428,"K","85+",1
1428,"M","<55-64>",1
1428,"M","<0-44>",2
1428,"K","<55-64>",19
1428,"M","85+",0
1428,"K","<0-44>",13
1428,"K","<45-54>",12
1428,"M","<65-74>",1
1429,"K","<75-84>",3
1429,"K","<65-74>",6
1429,"K","<0-44>",3
1429,"M","<75-84>",0
1429,"M","<45-54>",0
1429,"K","<55-64>",9
1429,"K","<45-54>",6
1429,"K","85+",1
1429,"M","<65-74>",0
1429,"M","85+",0
1429,"M","<0-44>",1
1429,"M","<55-64>",0
1430,"K","85+",0
1430,"K","<0-44>",2
1430,"K","<65-74>",3
1430,"M","<55-64>",0
1430,"M","85+",0
1430,"K","<45-54>",3
1430,"K","<55-64>",6
1430,"M","<0-44>",0
1430,"M","<75-84>",0
1430,"K","<75-84>",2
1430,"M","<45-54>",0
1430,"M","<65-74>",0
1433,"M","<75-84>",1
1433,"M","<0-44>",1
1433,"K","<0-44>",4
1433,"K","<75-84>",3
1433,"M","<45-54>",1
1433,"K","<45-54>",5
1433,"M","85+",0
1433,"M","<55-64>",1
1433,"M","<65-74>",1
1433,"K","85+",1
1433,"K","<65-74>",5
1433,"K","<55-64>",9
1434,"K","<55-64>",35
1434,"M","<75-84>",0
1434,"K","85+",2
1434,"M","<65-74>",1
1434,"M","<0-44>",1
1434,"K","<45-54>",22
1434,"K","<65-74>",20
1434,"M","85+",0
1434,"K","<75-84>",10
1434,"M","<55-64>",2
1434,"M","<45-54>",1
1434,"K","<0-44>",25
1435,"K","<55-64>",10
1435,"M","<55-64>",0
1435,"K","<65-74>",6
1435,"K","85+",1
1435,"M","<75-84>",0
1435,"M","<45-54>",0
1435,"M","<0-44>",1
1435,"K","<75-84>",3
1435,"K","<0-44>",5
1435,"M","<65-74>",0
1435,"M","85+",0
1435,"K","<45-54>",7
1437,"K","<0-44>",3
1437,"M","<0-44>",0
1437,"M","85+",0
1437,"M","<65-74>",0
1437,"K","85+",1
1437,"M","<75-84>",0
1437,"K","<55-64>",5
1437,"K","<75-84>",2
1437,"K","<65-74>",3
1437,"M","<45-54>",0
1437,"M","<55-64>",0
1437,"K","<45-54>",5
1438,"M","<45-54>",0
1438,"M","<65-74>",0
1438,"K","<65-74>",8
1438,"M","<75-84>",0
1438,"K","<0-44>",8
1438,"K","<55-64>",14
1438,"M","85+",0
1438,"K","<75-84>",5
1438,"K","<45-54>",9
1438,"M","<0-44>",0
1438,"M","<55-64>",0
1438,"K","85+",1
1461,"K","<75-84>",1
1461,"K","<0-44>",3
1461,"M","<75-84>",0
1461,"M","85+",0
1461,"K","<65-74>",3
1461,"M","<0-44>",1
1461,"K","<45-54>",5
1461,"K","85+",0
1461,"K","<55-64>",8
1461,"M","<45-54>",0
1461,"M","<55-64>",0
1461,"M","<65-74>",0
1462,"M","<55-64>",1
1462,"M","<75-84>",0
1462,"K","<45-54>",12
1462,"K","<0-44>",10
1462,"K","85+",1
1462,"K","<65-74>",18
1462,"K","<75-84>",7
1462,"M","85+",0
1462,"M","<0-44>",1
1462,"K","<55-64>",30
1462,"M","<65-74>",1
1462,"M","<45-54>",0
1463,"M","<65-74>",1
1463,"M","85+",0
1463,"K","<0-44>",15
1463,"K","<55-64>",41
1463,"K","85+",4
1463,"K","<75-84>",18
1463,"K","<65-74>",26
1463,"M","<75-84>",1
1463,"M","<45-54>",0
1463,"M","<55-64>",1
1463,"K","<45-54>",23
1463,"M","<0-44>",1
1464,"M","<0-44>",0
1464,"K","85+",1
1464,"K","<75-84>",5
1464,"M","<55-64>",0
1464,"M","<65-74>",0
1464,"K","<55-64>",15
1464,"K","<0-44>",6
1464,"K","<65-74>",8
1464,"M","<75-84>",0
1464,"M","85+",0
1464,"K","<45-54>",9
1464,"M","<45-54>",0
1465,"M","85+",2
1465,"M","<75-84>",9
1465,"M","<45-54>",6
1465,"K","<65-74>",238
1465,"M","<0-44>",18
1465,"K","<0-44>",122
1465,"K","<75-84>",155
1465,"K","<45-54>",163
1465,"K","85+",36
1465,"M","<55-64>",13
1465,"M","<65-74>",14
1465,"K","<55-64>",359
1601,"M","<45-54>",0
1601,"M","85+",0
1601,"K","<65-74>",9
1601,"M","<0-44>",0
1601,"M","<65-74>",0
1601,"K","<55-64>",13
1601,"M","<0-44>",0
1601,"M","<75-84>",0
1601,"K","<45-54>",12
1601,"K","<0-44>",9
1601,"M","<55-64>",1
1601,"K","<0-44>",8
1601,"M","<65-74>",0
1601,"K","<65-74>",10
1601,"K","<75-84>",6
1601,"M","<75-84>",0
1601,"K","<55-64>",16
1601,"M","85+",0
1601,"K","85+",1
1601,"M","<45-54>",0
1601,"M","<55-64>",0
1601,"K","<45-54>",12
1601,"K","<75-84>",6
1601,"K","85+",1
1602,"M","<45-54>",0
1602,"K","<75-84>",3
1602,"M","85+",0
1602,"K","85+",1
1602,"K","<0-44>",4
1602,"K","<45-54>",6
1602,"K","<55-64>",9
1602,"M","<55-64>",0
1602,"M","<75-84>",0
1602,"M","<0-44>",1
1602,"M","<65-74>",0
1602,"K","<65-74>",5
1603,"K","85+",1
1603,"K","<0-44>",7
1603,"M","<45-54>",0
1603,"M","<75-84>",0
1603,"K","<75-84>",8
1603,"K","<45-54>",11
1603,"M","<0-44>",0
1603,"M","85+",0
1603,"K","<55-64>",15
1603,"M","<65-74>",0
1603,"M","<55-64>",0
1603,"K","<65-74>",11
1604,"M","<55-64>",0
1604,"M","<0-44>",0
1604,"M","<45-54>",0
1604,"K","<0-44>",4
1604,"M","<75-84>",0
1604,"M","<65-74>",0
1604,"K","<45-54>",8
1604,"K","<55-64>",11
1604,"K","<75-84>",4
1604,"M","85+",0
1604,"K","<65-74>",7
1604,"K","85+",1
1605,"K","<45-54>",8
1605,"K","<75-84>",4
1605,"M","<75-84>",0
1605,"M","<55-64>",0
1605,"K","<55-64>",10
1605,"M","85+",0
1605,"K","85+",1
1605,"K","<0-44>",4
1605,"K","<65-74>",6
1605,"M","<65-74>",0
1605,"M","<45-54>",0
1605,"M","<0-44>",0
1606,"K","<75-84>",3
1606,"K","<0-44>",3
1606,"K","85+",0
1606,"M","<75-84>",0
1606,"M","<45-54>",0
1606,"M","<65-74>",0
1606,"K","<45-54>",5
1606,"M","85+",0
1606,"K","<55-64>",9
1606,"M","<0-44>",0
1606,"M","<55-64>",0
1606,"K","<65-74>",5
1607,"K","<55-64>",24
1607,"K","<65-74>",14
1607,"K","<45-54>",15
1607,"M","<0-44>",0
1607,"M","<45-54>",0
1607,"M","85+",0
1607,"K","<0-44>",8
1607,"M","<65-74>",0
1607,"M","<75-84>",0
1607,"K","85+",2
1607,"M","<55-64>",1
1607,"K","<75-84>",9
1608,"M","<75-84>",0
1608,"K","<75-84>",3
1608,"K","<65-74>",6
1608,"M","<65-74>",0
1608,"M","<45-54>",0
1608,"M","<0-44>",1
1608,"M","85+",0
1608,"K","<45-54>",8
1608,"K","<55-64>",9
1608,"K","85+",1
1608,"K","<0-44>",4
1608,"M","<55-64>",0
1609,"M","<65-74>",0
1609,"K","<65-74>",7
1609,"K","<65-74>",12
1609,"M","<75-84>",0
1609,"M","<75-84>",0
1609,"M","85+",0
1609,"K","<45-54>",6
1609,"K","<0-44>",8
1609,"M","<0-44>",0
1609,"M","<45-54>",0
1609,"K","<75-84>",4
1609,"M","<45-54>",0
1609,"M","<65-74>",0
1609,"M","<55-64>",0
1609,"M","<0-44>",0
1609,"K","<0-44>",3
1609,"M","<55-64>",1
1609,"K","85+",1
1609,"K","85+",1
1609,"K","<55-64>",9
1609,"K","<55-64>",18
1609,"K","<45-54>",16
1609,"M","85+",0
1609,"K","<75-84>",8
1610,"K","<0-44>",4
1610,"K","<75-84>",4
1610,"M","<55-64>",0
1610,"K","<45-54>",6
1610,"K","85+",1
1610,"M","<65-74>",0
1610,"M","<45-54>",0
1610,"K","<55-64>",11
1610,"K","<65-74>",7
1610,"M","85+",0
1610,"M","<75-84>",0
1610,"M","<0-44>",0
1611,"K","<0-44>",4
1611,"K","<65-74>",6
1611,"K","85+",0
1611,"M","<55-64>",0
1611,"M","<0-44>",0
1611,"M","85+",0
1611,"K","<45-54>",7
1611,"M","<75-84>",0
1611,"M","<65-74>",0
1611,"M","<45-54>",0
1611,"K","<75-84>",4
1611,"K","<55-64>",10
1661,"M","<55-64>",1
1661,"K","<55-64>",24
1661,"M","<45-54>",0
1661,"M","85+",0
1661,"M","<65-74>",1
1661,"K","<0-44>",7
1661,"M","<0-44>",1
1661,"K","85+",3
1661,"K","<65-74>",14
1661,"M","<75-84>",1
1661,"K","<45-54>",12
1661,"K","<75-84>",10
1801,"M","85+",0
1801,"K","<45-54>",2
1801,"M","<75-84>",0
1801,"K","<75-84>",1
1801,"K","<55-64>",4
1801,"M","<65-74>",0
1801,"M","<55-64>",0
1801,"K","<65-74>",2
1801,"K","<0-44>",2
1801,"M","<45-54>",0
1801,"K","85+",0
1801,"M","<0-44>",0
1803,"K","<0-44>",9
1803,"M","<0-44>",1
1803,"M","<75-84>",0
1803,"K","<75-84>",7
1803,"M","<45-54>",0
1803,"M","<65-74>",0
1803,"K","85+",1
1803,"M","<55-64>",0
1803,"M","85+",0
1803,"K","<65-74>",11
1803,"K","<45-54>",15
1803,"K","<55-64>",17
1804,"M","85+",0
1804,"M","<0-44>",1
1804,"M","<65-74>",0
1804,"K","85+",1
1804,"K","<55-64>",16
1804,"M","<55-64>",1
1804,"K","<75-84>",5
1804,"K","<0-44>",7
1804,"M","<45-54>",0
1804,"K","<45-54>",11
1804,"K","<65-74>",8
1804,"M","<75-84>",0
1805,"K","<75-84>",8
1805,"M","85+",0
1805,"K","<65-74>",10
1805,"K","<45-54>",14
1805,"M","<65-74>",0
1805,"M","<75-84>",0
1805,"K","<55-64>",16
1805,"M","<55-64>",0
1805,"K","85+",1
1805,"K","<0-44>",7
1805,"M","<45-54>",0
1805,"M","<0-44>",0
1806,"K","<75-84>",3
1806,"M","85+",0
1806,"M","<45-54>",0
1806,"K","<0-44>",5
1806,"M","<75-84>",0
1806,"K","<45-54>",6
1806,"K","85+",1
1806,"M","<0-44>",0
1806,"M","<65-74>",0
1806,"K","<55-64>",8
1806,"M","<55-64>",0
1806,"K","<65-74>",6
1807,"M","<55-64>",0
1807,"M","<0-44>",1
1807,"K","<75-84>",3
1807,"M","<45-54>",0
1807,"M","<65-74>",0
1807,"M","<65-74>",0
1807,"M","<0-44>",0
1807,"K","<65-74>",9
1807,"K","<0-44>",8
1807,"K","<55-64>",10
1807,"K","<0-44>",4
1807,"K","<45-54>",6
1807,"K","<75-84>",6
1807,"K","<45-54>",11
1807,"M","<75-84>",0
1807,"K","<65-74>",4
1807,"M","<45-54>",0
1807,"K","85+",1
1807,"K","<55-64>",15
1807,"M","85+",0
1807,"M","<75-84>",0
1807,"M","85+",0
1807,"K","85+",1
1807,"M","<55-64>",0
1808,"K","<65-74>",5
1808,"K","<45-54>",6
1808,"K","<75-84>",3
1808,"M","<0-44>",0
1808,"M","<45-54>",0
1808,"M","<65-74>",0
1808,"K","<55-64>",8
1808,"M","<75-84>",0
1808,"K","<0-44>",4
1808,"M","85+",0
1808,"M","<55-64>",0
1808,"K","85+",1
1810,"K","<55-64>",9
1810,"M","<0-44>",0
1810,"M","<55-64>",0
1810,"K","<45-54>",8
1810,"M","<65-74>",0
1810,"M","<75-84>",0
1810,"M","85+",0
1810,"M","<45-54>",0
1810,"K","<65-74>",7
1810,"K","<75-84>",3
1810,"K","85+",1
1810,"K","<0-44>",4
1811,"K","<65-74>",11
1811,"K","<0-44>",9
1811,"K","85+",2
1811,"K","<55-64>",17
1811,"M","<0-44>",0
1811,"K","<75-84>",8
1811,"K","<45-54>",14
1811,"M","<45-54>",0
1811,"M","<65-74>",1
1811,"M","<55-64>",0
1811,"M","85+",0
1811,"M","<75-84>",0
1814,"K","<45-54>",8
1814,"M","85+",0
1814,"K","<0-44>",7
1814,"M","<75-84>",0
1814,"K","<65-74>",5
1814,"K","<55-64>",8
1814,"M","<45-54>",0
1814,"M","<0-44>",1
1814,"K","<75-84>",4
1814,"M","<65-74>",1
1814,"M","<55-64>",0
1814,"K","85+",1
1815,"K","<65-74>",6
1815,"M","<45-54>",0
1815,"K","<45-54>",9
1815,"K","<55-64>",10
1815,"M","<55-64>",0
1815,"M","<0-44>",0
1815,"K","<75-84>",5
1815,"M","<65-74>",0
1815,"M","<75-84>",0
1815,"K","<0-44>",6
1815,"M","85+",0
1815,"K","85+",1
1816,"K","<75-84>",8
1816,"K","<0-44>",10
1816,"K","<55-64>",19
1816,"M","85+",0
1816,"K","<65-74>",13
1816,"K","85+",2
1816,"M","<65-74>",1
1816,"K","<45-54>",16
1816,"M","<45-54>",0
1816,"M","<0-44>",0
1816,"M","<75-84>",0
1816,"M","<55-64>",1
1817,"M","<65-74>",0
1817,"M","<75-84>",0
1817,"K","<45-54>",9
1817,"M","<55-64>",0
1817,"K","<55-64>",14
1817,"K","<75-84>",5
1817,"K","<65-74>",8
1817,"M","<0-44>",0
1817,"M","85+",0
1817,"M","<45-54>",0
1817,"K","85+",1
1817,"K","<0-44>",6
1818,"M","<65-74>",1
1818,"M","<55-64>",1
1818,"K","85+",1
1818,"K","<75-84>",7
1818,"K","<45-54>",11
1818,"K","<55-64>",19
1818,"K","<0-44>",7
1818,"M","<45-54>",0
1818,"K","<65-74>",10
1818,"M","85+",0
1818,"M","<0-44>",0
1818,"M","<75-84>",0
1819,"M","85+",0
1819,"K","85+",0
1819,"M","<55-64>",0
1819,"M","<45-54>",0
1819,"K","<75-84>",3
1819,"M","<75-84>",0
1819,"M","<0-44>",1
1819,"M","<65-74>",0
1819,"K","<45-54>",5
1819,"K","<0-44>",4
1819,"K","<65-74>",4
1819,"K","<55-64>",6
1820,"K","<45-54>",6
1820,"M","<55-64>",1
1820,"M","<0-44>",1
1820,"M","<65-74>",1
1820,"K","<65-74>",5
1820,"M","85+",0
1820,"K","85+",1
1820,"K","<75-84>",3
1820,"M","<45-54>",0
1820,"M","<75-84>",0
1820,"K","<0-44>",5
1820,"K","<55-64>",9
1861,"K","<65-74>",6
1861,"K","<75-84>",3
1861,"K","<0-44>",3
1861,"M","<75-84>",0
1861,"M","<45-54>",0
1861,"M","<65-74>",0
1861,"M","<55-64>",0
1861,"K","85+",1
1861,"M","85+",0
1861,"K","<45-54>",5
1861,"K","<55-64>",10
1861,"M","<0-44>",0
1862,"K","<75-84>",6
1862,"K","<55-64>",13
1862,"K","<0-44>",4
1862,"M","<75-84>",0
1862,"M","<55-64>",1
1862,"M","<65-74>",1
1862,"K","<45-54>",7
1862,"K","<65-74>",10
1862,"M","<0-44>",2
1862,"M","85+",0
1862,"K","85+",1
1862,"M","<45-54>",0
1863,"K","<45-54>",20
1863,"M","<65-74>",1
1863,"M","<0-44>",1
1863,"K","<65-74>",21
1863,"K","85+",3
1863,"M","<45-54>",1
1863,"M","<55-64>",1
1863,"M","85+",0
1863,"K","<0-44>",13
1863,"M","<75-84>",1
1863,"K","<55-64>",32
1863,"K","<75-84>",13
1864,"M","<75-84>",0
1864,"M","<0-44>",0
1864,"M","<65-74>",0
1864,"M","<55-64>",0
1864,"M","85+",0
1864,"M","<45-54>",0
1864,"K","<0-44>",3
1864,"K","<75-84>",3
1864,"K","<55-64>",9
1864,"K","85+",0
1864,"K","<45-54>",6
1864,"K","<65-74>",6
2001,"M","<55-64>",0
2001,"K","<65-74>",7
2001,"M","<65-74>",0
2001,"M","85+",0
2001,"M","<75-84>",0
2001,"K","<55-64>",10
2001,"K","85+",1
2001,"K","<0-44>",8
2001,"M","<0-44>",0
2001,"M","<45-54>",0
2001,"K","<45-54>",7
2001,"K","<75-84>",4
2002,"M","<65-74>",1
2002,"K","85+",2
2002,"K","<65-74>",14
2002,"K","<0-44>",12
2002,"K","<45-54>",17
2002,"M","<45-54>",0
2002,"M","<75-84>",0
2002,"K","<55-64>",24
2002,"M","85+",0
2002,"M","<0-44>",0
2002,"M","<55-64>",1
2002,"K","<75-84>",9
2003,"M","<0-44>",2
2003,"K","<55-64>",11
2003,"M","<65-74>",0
2003,"M","<75-84>",0
2003,"K","<65-74>",19
2003,"M","<55-64>",1
2003,"K","85+",1
2003,"K","<75-84>",11
2003,"M","<45-54>",0
2003,"K","<45-54>",23
2003,"K","<0-44>",6
2003,"K","<65-74>",8
2003,"K","<55-64>",34
2003,"M","85+",0
2003,"K","<45-54>",8
2003,"M","<75-84>",0
2003,"K","<0-44>",18
2003,"M","85+",0
2003,"K","<75-84>",7
2003,"K","85+",2
2003,"M","<55-64>",2
2003,"M","<65-74>",1
2003,"M","<45-54>",1
2003,"M","<0-44>",1
2004,"M","<45-54>",0
2004,"K","<0-44>",5
2004,"M","<0-44>",1
2004,"K","85+",1
2004,"K","<55-64>",7
2004,"K","<65-74>",4
2004,"M","<55-64>",0
2004,"K","<45-54>",6
2004,"M","85+",0
2004,"K","<75-84>",2
2004,"M","<65-74>",0
2004,"M","<75-84>",0
2005,"K","<45-54>",5
2005,"K","<65-74>",7
2005,"M","<45-54>",0
2005,"K","<55-64>",10
2005,"K","<0-44>",3
2005,"K","<75-84>",5
2005,"M","<55-64>",0
2005,"M","<65-74>",0
2005,"K","85+",1
2005,"M","85+",0
2005,"M","<0-44>",0
2005,"M","<75-84>",0
2006,"M","85+",0
2006,"K","<75-84>",2
2006,"M","<75-84>",0
2006,"M","<65-74>",0
2006,"M","<45-54>",0
2006,"K","<0-44>",3
2006,"K","<55-64>",5
2006,"M","<55-64>",0
2006,"M","<0-44>",0
2006,"K","<65-74>",4
2006,"K","<45-54>",4
2006,"K","85+",1
2007,"K","<65-74>",4
2007,"K","<0-44>",6
2007,"K","<45-54>",6
2007,"M","<0-44>",1
2007,"M","<45-54>",1
2007,"M","85+",0
2007,"K","<75-84>",3
2007,"K","<55-64>",6
2007,"M","<75-84>",0
2007,"K","85+",1
2007,"M","<55-64>",1
2007,"M","<65-74>",0
2008,"K","85+",1
2008,"K","<75-84>",4
2008,"M","<55-64>",0
2008,"K","<65-74>",4
2008,"M","<75-84>",0
2008,"M","<65-74>",0
2008,"M","<0-44>",0
2008,"M","85+",0
2008,"K","<0-44>",3
2008,"K","<45-54>",5
2008,"M","<45-54>",0
2008,"K","<55-64>",5
201,"K","<0-44>",6
201,"M","85+",0
201,"M","<45-54>",0
201,"K","<75-84>",5
201,"K","<45-54>",9
201,"M","<75-84>",0
201,"K","<55-64>",18
201,"K","<65-74>",10
201,"M","<0-44>",0
201,"M","<55-64>",1
201,"K","85+",1
201,"M","<65-74>",0
2010,"K","<65-74>",3
2010,"M","<65-74>",0
2010,"M","<45-54>",0
2010,"M","85+",0
2010,"K","85+",1
2010,"M","<55-64>",0
2010,"K","<75-84>",3
2010,"K","<55-64>",5
2010,"K","<45-54>",5
2010,"K","<0-44>",3
2010,"M","<0-44>",0
2010,"M","<75-84>",0
2011,"K","<75-84>",5
2011,"K","<65-74>",6
2011,"K","<55-64>",9
2011,"K","85+",1
2011,"K","<45-54>",8
2011,"M","<55-64>",0
2011,"M","<0-44>",0
2011,"K","<0-44>",6
2011,"M","<45-54>",0
2011,"M","<65-74>",0
2011,"M","<75-84>",0
2011,"M","85+",0
2013,"M","<65-74>",0
2013,"M","<0-44>",0
2013,"M","<45-54>",0
2013,"M","85+",0
2013,"K","<45-54>",5
2013,"K","<0-44>",4
2013,"M","<55-64>",0
2013,"M","<75-84>",0
2013,"K","85+",1
2013,"K","<65-74>",5
2013,"K","<55-64>",8
2013,"K","<75-84>",3
2014,"K","<65-74>",4
2014,"M","85+",0
2014,"K","<0-44>",3
2014,"K","85+",1
2014,"M","<65-74>",0
2014,"M","<0-44>",0
2014,"K","<75-84>",3
2014,"K","<55-64>",6
2014,"M","<55-64>",0
2014,"M","<75-84>",0
2014,"M","<45-54>",0
2014,"K","<45-54>",5
202,"M","<0-44>",0
202,"K","<65-74>",9
202,"K","85+",1
202,"M","<45-54>",0
202,"K","<75-84>",6
202,"K","<0-44>",5
202,"M","<75-84>",0
202,"M","85+",0
202,"K","<45-54>",10
202,"M","<55-64>",0
202,"M","<65-74>",0
202,"K","<55-64>",19
203,"M","<55-64>",1
203,"K","<0-44>",7
203,"K","<65-74>",7
203,"K","<55-64>",15
203,"M","<0-44>",1
203,"K","<45-54>",8
203,"K","<75-84>",4
203,"M","<75-84>",0
203,"M","<45-54>",0
203,"M","<65-74>",1
203,"M","85+",0
203,"K","85+",1
204,"K","<75-84>",2
204,"M","<45-54>",0
204,"M","<65-74>",0
204,"M","<55-64>",0
204,"K","<45-54>",4
204,"K","<65-74>",3
204,"M","<75-84>",0
204,"K","<0-44>",3
204,"M","85+",0
204,"M","<0-44>",0
204,"K","<55-64>",5
204,"K","85+",0
205,"K","<45-54>",6
205,"K","<0-44>",3
205,"K","<65-74>",4
205,"M","85+",0
205,"K","<55-64>",9
205,"M","<0-44>",0
205,"M","<55-64>",0
205,"M","<75-84>",0
205,"M","<45-54>",0
205,"K","85+",1
205,"K","<75-84>",3
205,"M","<65-74>",0
206,"M","<45-54>",0
206,"M","85+",0
206,"M","<55-64>",0
206,"K","85+",1
206,"K","<45-54>",6
206,"M","<0-44>",0
206,"M","<65-74>",0
206,"K","<65-74>",5
206,"K","<0-44>",4
206,"K","<55-64>",11
206,"M","<75-84>",0
206,"K","<75-84>",3
2061,"K","85+",6
2061,"M","<0-44>",1
2061,"K","<65-74>",33
2061,"K","<45-54>",35
2061,"K","<55-64>",52
2061,"M","85+",0
2061,"M","<55-64>",2
2061,"K","<75-84>",21
2061,"M","<65-74>",2
2061,"M","<45-54>",1
2061,"M","<75-84>",1
2061,"K","<0-44>",19
2062,"K","<55-64>",12
2062,"K","<65-74>",6
2062,"K","<45-54>",8
2062,"M","<55-64>",0
2062,"M","<65-74>",0
2062,"M","<75-84>",0
2062,"K","<0-44>",3
2062,"M","<45-54>",0
2062,"M","<0-44>",0
2062,"M","85+",0
2062,"K","<75-84>",3
2062,"K","85+",1
2063,"K","<65-74>",6
2063,"M","<45-54>",0
2063,"M","<55-64>",0
2063,"M","<75-84>",0
2063,"K","<45-54>",9
2063,"M","<0-44>",0
2063,"K","<55-64>",11
2063,"M","<65-74>",0
2063,"K","<75-84>",3
2063,"M","85+",0
2063,"K","85+",1
2063,"K","<0-44>",5
207,"K","<75-84>",2
207,"K","<0-44>",3
207,"K","85+",1
207,"M","<65-74>",0
207,"K","<45-54>",5
207,"M","<75-84>",0
207,"M","<0-44>",0
207,"M","<45-54>",0
207,"M","85+",0
207,"K","<65-74>",5
207,"M","<55-64>",0
207,"K","<55-64>",8
208,"K","<75-84>",11
208,"M","<0-44>",0
208,"K","85+",2
208,"M","<55-64>",2
208,"M","<65-74>",1
208,"K","<0-44>",12
208,"K","<65-74>",21
208,"M","85+",0
208,"M","<45-54>",1
208,"M","<75-84>",0
208,"K","<45-54>",19
208,"K","<55-64>",40
209,"K","85+",1
209,"M","<65-74>",0
209,"M","85+",0
209,"K","<45-54>",4
209,"M","<45-54>",0
209,"K","<65-74>",4
209,"K","<0-44>",6
209,"K","<75-84>",2
209,"M","<75-84>",0
209,"M","<55-64>",0
209,"K","<55-64>",8
209,"M","<0-44>",0
210,"M","<65-74>",0
210,"K","<65-74>",5
210,"K","<75-84>",3
210,"M","<45-54>",0
210,"M","<55-64>",0
210,"K","<55-64>",10
210,"K","<45-54>",5
210,"M","<0-44>",0
210,"K","<0-44>",3
210,"K","85+",1
210,"M","<75-84>",0
210,"M","85+",0
211,"K","<45-54>",10
211,"M","<75-84>",0
211,"M","<55-64>",1
211,"K","<55-64>",19
211,"K","<65-74>",10
211,"K","85+",1
211,"K","<75-84>",5
211,"K","<0-44>",9
211,"M","<65-74>",0
211,"M","<0-44>",0
211,"M","<45-54>",0
211,"M","85+",0
212,"M","<65-74>",0
212,"M","<45-54>",0
212,"M","<75-84>",0
212,"K","<65-74>",4
212,"M","85+",0
212,"K","<75-84>",2
212,"K","85+",1
212,"K","<0-44>",3
212,"K","<45-54>",5
212,"M","<55-64>",0
212,"M","<0-44>",0
212,"K","<55-64>",7
213,"M","<0-44>",0
213,"K","<65-74>",3
213,"M","85+",0
213,"K","<55-64>",6
213,"K","<75-84>",2
213,"K","<45-54>",3
213,"K","85+",0
213,"M","<45-54>",0
213,"M","<65-74>",0
213,"M","<75-84>",0
213,"M","<55-64>",0
213,"K","<0-44>",3
214,"M","<75-84>",0
214,"M","85+",0
214,"K","<75-84>",5
214,"K","<45-54>",11
214,"K","85+",1
214,"M","<55-64>",1
214,"M","<0-44>",0
214,"M","<65-74>",0
214,"K","<65-74>",11
214,"K","<55-64>",19
214,"K","<0-44>",8
214,"M","<45-54>",0
215,"M","<75-84>",0
215,"M","<55-64>",0
215,"M","<45-54>",0
215,"K","<0-44>",5
215,"M","<0-44>",0
215,"K","<55-64>",13
215,"M","85+",0
215,"K","<75-84>",3
215,"K","<45-54>",7
215,"M","<65-74>",0
215,"K","<65-74>",6
215,"K","85+",0
216,"M","<75-84>",0
216,"K","85+",1
216,"K","<65-74>",6
216,"K","<75-84>",3
216,"K","<55-64>",9
216,"K","<45-54>",7
216,"M","<55-64>",0
216,"M","85+",0
216,"M","<45-54>",0
216,"M","<0-44>",0
216,"K","<0-44>",6
216,"M","<65-74>",0
217,"M","<45-54>",0
217,"M","85+",0
217,"M","<55-64>",0
217,"M","<75-84>",0
217,"K","85+",1
217,"M","<65-74>",0
217,"M","<0-44>",0
217,"K","<75-84>",3
217,"K","<45-54>",5
217,"K","<65-74>",4
217,"K","<55-64>",7
217,"K","<0-44>",3
218,"K","<55-64>",9
218,"K","85+",1
218,"K","<0-44>",6
218,"K","<75-84>",3
218,"M","<65-74>",0
218,"M","<45-54>",0
218,"M","<55-64>",0
218,"M","<0-44>",0
218,"M","85+",0
218,"M","<65-74>",0
218,"M","<55-64>",0
218,"M","<0-44>",0
218,"K","<65-74>",4
218,"K","85+",1
218,"K","<75-84>",3
218,"K","<45-54>",8
218,"K","<0-44>",6
218,"K","<55-64>",8
218,"K","<45-54>",7
218,"M","<75-84>",0
218,"K","<65-74>",5
218,"M","85+",0
218,"M","<75-84>",0
218,"M","<45-54>",0
219,"M","85+",0
219,"M","<65-74>",1
219,"M","<75-84>",0
219,"K","85+",3
219,"K","<75-84>",6
219,"M","<0-44>",1
219,"K","<65-74>",24
219,"K","<55-64>",44
219,"M","<45-54>",1
219,"K","<65-74>",13
219,"K","<0-44>",7
219,"K","<45-54>",25
219,"K","<55-64>",18
219,"K","<0-44>",16
219,"M","85+",0
219,"K","<45-54>",11
219,"M","<75-84>",0
219,"M","<45-54>",1
219,"M","<55-64>",1
219,"M","<55-64>",0
219,"M","<65-74>",1
219,"K","<75-84>",13
219,"K","85+",1
219,"M","<0-44>",0
2201,"K","<45-54>",10
2201,"K","<55-64>",11
2201,"M","<75-84>",0
2201,"M","<55-64>",0
2201,"K","<0-44>",6
2201,"K","<75-84>",3
2201,"K","85+",1
2201,"K","<65-74>",5
2201,"M","<65-74>",0
2201,"M","<0-44>",0
2201,"M","85+",0
2201,"M","<45-54>",0
2202,"M","<55-64>",0
2202,"M","85+",0
2202,"K","<55-64>",14
2202,"M","<75-84>",0
2202,"K","<45-54>",10
2202,"K","<0-44>",6
2202,"M","<45-54>",0
2202,"M","<65-74>",0
2202,"K","85+",1
2202,"K","<65-74>",8
2202,"M","<0-44>",0
2202,"K","<75-84>",3
2203,"M","<55-64>",0
2203,"K","<55-64>",10
2203,"M","<75-84>",0
2203,"K","85+",1
2203,"M","<45-54>",0
2203,"K","<65-74>",5
2203,"K","<75-84>",2
2203,"M","<0-44>",0
2203,"M","<65-74>",0
2203,"M","85+",0
2203,"K","<45-54>",7
2203,"K","<0-44>",4
2205,"K","<45-54>",12
2205,"M","<55-64>",0
2205,"M","<0-44>",0
2205,"M","<45-54>",0
2205,"K","85+",1
2205,"K","<0-44>",9
2205,"M","85+",0
2205,"K","<75-84>",4
2205,"K","<55-64>",14
2205,"M","<65-74>",0
2205,"M","<75-84>",0
2205,"K","<65-74>",8
2206,"M","<45-54>",0
2206,"K","<45-54>",7
2206,"K","<0-44>",5
2206,"M","<0-44>",0
2206,"M","85+",0
2206,"M","<75-84>",0
2206,"K","<75-84>",3
2206,"K","<65-74>",5
2206,"K","<55-64>",9
2206,"K","85+",1
2206,"M","<65-74>",1
2206,"M","<55-64>",0
2207,"K","85+",1
2207,"M","85+",0
2207,"K","<45-54>",8
2207,"M","<45-54>",0
2207,"M","<55-64>",0
2207,"K","<65-74>",7
2207,"M","<65-74>",0
2207,"M","<0-44>",0
2207,"K","<75-84>",4
2207,"K","<0-44>",6
2207,"M","<75-84>",0
2207,"K","<55-64>",13
2208,"K","85+",1
2208,"M","85+",0
2208,"M","<0-44>",0
2208,"M","<55-64>",0
2208,"K","<65-74>",5
2208,"K","<75-84>",3
2208,"M","<45-54>",0
2208,"M","<65-74>",0
2208,"K","<55-64>",11
2208,"M","<75-84>",0
2208,"K","<45-54>",7
2208,"K","<0-44>",4
2209,"K","<55-64>",12
2209,"K","<45-54>",9
2209,"K","<0-44>",5
2209,"M","85+",0
2209,"M","<45-54>",0
2209,"M","<0-44>",0
2209,"K","<75-84>",4
2209,"M","<75-84>",0
2209,"K","85+",1
2209,"M","<55-64>",0
2209,"K","<65-74>",6
2209,"M","<65-74>",0
221,"K","<45-54>",6
221,"K","<55-64>",11
221,"K","85+",1
221,"K","<0-44>",4
221,"K","<65-74>",6
221,"M","<0-44>",0
221,"M","<45-54>",0
221,"M","<55-64>",0
221,"M","85+",0
221,"K","<75-84>",4
221,"M","<75-84>",0
221,"M","<65-74>",0
2210,"K","<75-84>",12
2210,"M","<65-74>",1
2210,"M","<55-64>",2
2210,"K","<75-84>",5
2210,"K","<55-64>",38
2210,"K","<45-54>",12
2210,"K","<65-74>",22
2210,"K","<0-44>",30
2210,"M","85+",0
2210,"M","<75-84>",1
2210,"M","<75-84>",0
2210,"K","<65-74>",9
2210,"M","<0-44>",3
2210,"K","85+",1
2210,"M","<55-64>",3
2210,"K","85+",2
2210,"M","85+",0
2210,"K","<0-44>",14
2210,"M","<65-74>",1
2210,"M","<45-54>",2
2210,"K","<55-64>",17
2210,"K","<45-54>",25
2210,"M","<0-44>",7
2210,"M","<45-54>",1
2211,"K","<55-64>",14
2211,"M","<0-44>",1
2211,"K","85+",1
2211,"K","<0-44>",9
2211,"M","<45-54>",0
2211,"K","<65-74>",8
2211,"M","<75-84>",0
2211,"M","85+",0
2211,"K","<45-54>",12
2211,"M","<65-74>",1
2211,"K","<75-84>",4
2211,"M","<55-64>",1
2212,"K","85+",1
2212,"M","<45-54>",0
2212,"M","85+",0
2212,"M","<0-44>",0
2212,"K","<55-64>",16
2212,"M","<75-84>",0
2212,"M","<55-64>",0
2212,"K","<45-54>",12
2212,"K","<65-74>",8
2212,"M","<65-74>",0
2212,"K","<0-44>",7
2212,"K","<75-84>",4
2213,"K","<0-44>",8
2213,"M","85+",0
2213,"M","<55-64>",1
2213,"M","<65-74>",0
2213,"M","<45-54>",0
2213,"K","<45-54>",14
2213,"M","<75-84>",0
2213,"K","85+",1
2213,"M","<0-44>",0
2213,"K","<65-74>",10
2213,"K","<75-84>",6
2213,"K","<55-64>",19
2214,"M","<55-64>",1
2214,"M","<0-44>",1
2214,"K","85+",1
2214,"K","<75-84>",6
2214,"M","<65-74>",1
2214,"K","<45-54>",12
2214,"K","<55-64>",18
2214,"K","<65-74>",10
2214,"M","<75-84>",0
2214,"M","<45-54>",1
2214,"M","85+",0
2214,"K","<0-44>",12
2215,"K","<75-84>",8
2215,"M","<0-44>",1
2215,"M","<65-74>",1
2215,"M","<75-84>",0
2215,"K","<65-74>",15
2215,"K","<55-64>",30
2215,"K","<45-54>",20
2215,"M","<55-64>",1
2215,"M","85+",0
2215,"K","85+",1
2215,"K","<0-44>",13
2215,"M","<45-54>",0
2216,"K","<65-74>",3
2216,"M","<55-64>",0
2216,"K","<0-44>",3
2216,"M","<45-54>",0
2216,"M","85+",0
2216,"M","<65-74>",0
2216,"M","<0-44>",0
2216,"M","<75-84>",0
2216,"K","<45-54>",4
2216,"K","<75-84>",2
2216,"K","85+",0
2216,"K","<55-64>",7
222,"K","<55-64>",8
222,"K","<75-84>",3
222,"M","<75-84>",0
222,"K","85+",0
222,"M","85+",0
222,"M","<0-44>",0
222,"K","<45-54>",5
222,"M","<45-54>",0
222,"M","<65-74>",0
222,"K","<65-74>",4
222,"M","<55-64>",0
222,"K","<0-44>",3
223,"K","85+",2
223,"K","<55-64>",20
223,"M","<0-44>",1
223,"M","85+",0
223,"M","<55-64>",1
223,"M","<65-74>",1
223,"K","<45-54>",14
223,"K","<0-44>",16
223,"K","<75-84>",6
223,"K","<65-74>",9
223,"M","<45-54>",0
223,"M","<75-84>",0
225,"K","<65-74>",11
225,"K","<75-84>",6
225,"M","<45-54>",0
225,"K","85+",1
225,"M","<65-74>",1
225,"K","<45-54>",11
225,"M","<0-44>",0
225,"M","85+",0
225,"K","<55-64>",20
225,"K","<0-44>",6
225,"M","<55-64>",1
225,"M","<75-84>",0
226,"K","<45-54>",9
226,"M","<0-44>",1
226,"M","<65-74>",1
226,"M","85+",0
226,"K","<75-84>",4
226,"M","<55-64>",1
226,"K","<65-74>",6
226,"K","<0-44>",7
226,"K","<55-64>",12
226,"M","<45-54>",1
226,"K","85+",1
226,"M","<75-84>",0
2261,"K","<45-54>",46
2261,"M","<0-44>",2
2261,"M","<75-84>",2
2261,"M","85+",0
2261,"K","<0-44>",29
2261,"K","<75-84>",35
2261,"M","<65-74>",4
2261,"K","<55-64>",97
2261,"K","85+",10
2261,"M","<45-54>",2
2261,"M","<55-64>",3
2261,"K","<65-74>",65
2262,"K","<0-44>",18
2262,"K","<65-74>",36
2262,"M","<65-74>",2
2262,"M","<75-84>",1
2262,"M","<0-44>",2
2262,"K","<45-54>",25
2262,"M","<45-54>",1
2262,"K","<55-64>",53
2262,"M","<55-64>",2
2262,"K","<75-84>",21
2262,"K","85+",5
2262,"M","85+",0
2263,"M","<55-64>",1
2263,"K","<0-44>",6
2263,"K","<55-64>",19
2263,"M","<45-54>",0
2263,"K","<65-74>",12
2263,"M","<0-44>",0
2263,"M","<65-74>",0
2263,"M","<75-84>",0
2263,"M","85+",0
2263,"K","85+",2
2263,"K","<75-84>",8
2263,"K","<45-54>",11
2401,"M","<65-74>",1
2401,"M","<45-54>",0
2401,"K","<0-44>",9
2401,"K","85+",3
2401,"K","<45-54>",16
2401,"M","<0-44>",0
2401,"K","<55-64>",34
2401,"K","<75-84>",12
2401,"K","<65-74>",21
2401,"M","<55-64>",1
2401,"M","85+",0
2401,"M","<75-84>",0
2402,"M","<65-74>",2
2402,"K","<65-74>",7
2402,"K","<75-84>",11
2402,"K","<75-84>",7
2402,"M","<55-64>",0
2402,"K","<0-44>",6
2402,"M","<55-64>",1
2402,"M","<75-84>",0
2402,"M","<0-44>",0
2402,"K","<45-54>",8
2402,"K","<0-44>",19
2402,"K","<55-64>",8
2402,"M","<75-84>",0
2402,"M","85+",0
2402,"K","<45-54>",22
2402,"M","85+",0
2402,"M","<45-54>",1
2402,"M","<65-74>",1
2402,"M","<0-44>",1
2402,"K","<65-74>",17
2402,"K","85+",1
2402,"M","<45-54>",0
2402,"K","<55-64>",25
2402,"K","85+",2
2403,"K","<75-84>",9
2403,"M","<45-54>",1
2403,"K","<65-74>",15
2403,"M","85+",0
2403,"M","<65-74>",1
2403,"K","<45-54>",18
2403,"K","<0-44>",13
2403,"M","<0-44>",1
2403,"M","<75-84>",1
2403,"M","<55-64>",1
2403,"K","85+",2
2403,"K","<55-64>",24
2404,"K","<65-74>",11
2404,"K","<75-84>",8
2404,"K","<55-64>",18
2404,"K","<45-54>",15
2404,"K","85+",1
2404,"M","<65-74>",1
2404,"M","<75-84>",0
2404,"K","<0-44>",7
2404,"M","<0-44>",1
2404,"M","<55-64>",1
2404,"M","85+",0
2404,"M","<45-54>",0
2405,"K","<65-74>",12
2405,"M","<75-84>",0
2405,"K","<55-64>",18
2405,"M","<55-64>",1
2405,"K","85+",1
2405,"K","<75-84>",7
2405,"M","85+",0
2405,"M","<45-54>",0
2405,"M","<0-44>",0
2405,"K","<45-54>",13
2405,"K","<0-44>",9
2405,"M","<65-74>",1
2406,"M","85+",0
2406,"M","<55-64>",0
2406,"K","<65-74>",8
2406,"K","<55-64>",12
2406,"K","<45-54>",8
2406,"M","<45-54>",0
2406,"K","<0-44>",4
2406,"K","<75-84>",5
2406,"M","<0-44>",0
2406,"M","<75-84>",0
2406,"M","<65-74>",0
2406,"K","85+",1
2407,"K","85+",1
2407,"M","<55-64>",0
2407,"K","<65-74>",7
2407,"M","<0-44>",0
2407,"M","<65-74>",0
2407,"K","<75-84>",4
2407,"M","85+",0
2407,"M","<75-84>",0
2407,"K","<0-44>",5
2407,"K","<55-64>",10
2407,"K","<45-54>",9
2407,"M","<45-54>",0
2408,"K","<65-74>",11
2408,"K","<45-54>",10
2408,"K","<0-44>",6
2408,"M","<0-44>",0
2408,"K","<75-84>",6
2408,"M","<75-84>",0
2408,"M","85+",0
2408,"M","<45-54>",0
2408,"M","<65-74>",0
2408,"K","85+",1
2408,"M","<55-64>",0
2408,"K","<55-64>",17
2409,"M","85+",0
2409,"K","<65-74>",7
2409,"K","<55-64>",12
2409,"K","85+",1
2409,"M","<0-44>",0
2409,"M","<55-64>",1
2409,"K","<45-54>",9
2409,"K","<0-44>",5
2409,"M","<75-84>",0
2409,"K","<75-84>",5
2409,"M","<65-74>",1
2409,"M","<45-54>",0
2410,"M","85+",0
2410,"M","<45-54>",0
2410,"M","<65-74>",0
2410,"K","<65-74>",10
2410,"K","85+",1
2410,"M","<0-44>",0
2410,"K","<55-64>",18
2410,"M","<75-84>",0
2410,"K","<0-44>",9
2410,"K","<45-54>",15
2410,"K","<75-84>",5
2410,"M","<55-64>",0
2411,"K","<0-44>",9
2411,"M","<45-54>",1
2411,"K","<75-84>",8
2411,"M","85+",0
2411,"K","85+",1
2411,"M","<75-84>",0
2411,"M","<55-64>",1
2411,"K","<45-54>",16
2411,"M","<0-44>",0
2411,"M","<65-74>",1
2411,"K","<55-64>",20
2411,"K","<65-74>",13
2412,"M","<45-54>",0
2412,"K","<65-74>",7
2412,"K","<0-44>",4
2412,"M","85+",0
2412,"K","<55-64>",11
2412,"K","<45-54>",8
2412,"K","<75-84>",5
2412,"M","<65-74>",0
2412,"M","<55-64>",0
2412,"K","85+",1
2412,"M","<75-84>",0
2412,"M","<0-44>",0
2413,"K","<75-84>",9
2413,"M","<75-84>",0
2413,"K","<55-64>",21
2413,"K","<0-44>",9
2413,"M","<45-54>",0
2413,"M","<65-74>",1
2413,"K","<45-54>",15
2413,"K","85+",1
2413,"M","85+",0
2413,"K","<65-74>",14
2413,"M","<0-44>",0
2413,"M","<55-64>",1
2414,"K","<0-44>",5
2414,"K","<65-74>",5
2414,"M","<0-44>",0
2414,"M","<55-64>",0
2414,"M","85+",0
2414,"M","<65-74>",0
2414,"K","85+",1
2414,"M","<45-54>",0
2414,"K","<45-54>",7
2414,"M","<75-84>",0
2414,"K","<75-84>",3
2414,"K","<55-64>",8
2415,"M","85+",0
2415,"K","85+",2
2415,"M","<75-84>",0
2415,"K","<55-64>",24
2415,"M","<0-44>",0
2415,"M","<65-74>",1
2415,"K","<45-54>",18
2415,"M","<55-64>",1
2415,"K","<65-74>",18
2415,"K","<75-84>",11
2415,"M","<45-54>",0
2415,"K","<0-44>",9
2416,"K","<65-74>",14
2416,"K","85+",2
2416,"M","<75-84>",0
2416,"M","<45-54>",0
2416,"K","<75-84>",7
2416,"M","<65-74>",1
2416,"M","<0-44>",0
2416,"M","<55-64>",1
2416,"K","<55-64>",22
2416,"M","85+",0
2416,"K","<0-44>",9
2416,"K","<45-54>",13
2417,"M","85+",0
2417,"M","<0-44>",4
2417,"K","<75-84>",11
2417,"M","<55-64>",2
2417,"K","<0-44>",22
2417,"M","<65-74>",1
2417,"K","<55-64>",27
2417,"K","<45-54>",20
2417,"K","<65-74>",17
2417,"M","<75-84>",1
2417,"K","85+",2
2417,"M","<45-54>",2
2461,"K","<45-54>",19
2461,"K","<55-64>",36
2461,"K","85+",4
2461,"K","<0-44>",13
2461,"M","<0-44>",0
2461,"M","<45-54>",0
2461,"K","<65-74>",22
2461,"K","<75-84>",15
2461,"M","85+",0
2461,"M","<75-84>",1
2461,"M","<55-64>",1
2461,"M","<65-74>",1
2462,"M","<65-74>",1
2462,"K","<75-84>",13
2462,"K","<55-64>",30
2462,"M","85+",0
2462,"M","<75-84>",0
2462,"M","<45-54>",0
2462,"K","85+",2
2462,"K","<0-44>",10
2462,"M","<55-64>",1
2462,"K","<45-54>",20
2462,"K","<65-74>",23
2462,"M","<0-44>",1
2463,"K","85+",1
2463,"M","85+",0
2463,"M","<55-64>",0
2463,"M","<65-74>",0
2463,"K","<0-44>",7
2463,"M","<45-54>",0
2463,"K","<65-74>",16
2463,"M","<75-84>",0
2463,"K","<55-64>",19
2463,"K","<45-54>",11
2463,"K","<75-84>",8
2463,"M","<0-44>",0
2464,"K","<75-84>",20
2464,"M","<75-84>",1
2464,"K","<0-44>",12
2464,"M","<45-54>",0
2464,"K","<55-64>",50
2464,"K","85+",5
2464,"K","<45-54>",27
2464,"M","85+",0
2464,"M","<55-64>",2
2464,"M","<0-44>",1
2464,"M","<65-74>",2
2464,"K","<65-74>",30
2465,"K","<45-54>",12
2465,"M","85+",0
2465,"K","<0-44>",10
2465,"M","<75-84>",0
2465,"K","<55-64>",28
2465,"M","<55-64>",1
2465,"M","<0-44>",1
2465,"K","<75-84>",6
2465,"K","85+",1
2465,"M","<45-54>",0
2465,"M","<65-74>",1
2465,"K","<65-74>",14
2466,"M","<65-74>",2
2466,"K","<65-74>",25
2466,"M","<75-84>",1
2466,"M","<0-44>",2
2466,"M","<45-54>",1
2466,"K","85+",3
2466,"K","<75-84>",14
2466,"K","<45-54>",21
2466,"M","<55-64>",1
2466,"K","<55-64>",37
2466,"M","85+",0
2466,"K","<0-44>",13
2467,"M","<0-44>",1
2467,"K","<45-54>",8
2467,"K","<65-74>",14
2467,"K","<0-44>",7
2467,"K","<75-84>",4
2467,"M","<45-54>",0
2467,"K","85+",1
2467,"M","<55-64>",0
2467,"M","<75-84>",0
2467,"K","<55-64>",19
2467,"M","85+",0
2467,"M","<65-74>",1
2468,"M","<45-54>",0
2468,"M","<75-84>",0
2468,"M","85+",0
2468,"M","<55-64>",0
2468,"K","<55-64>",19
2468,"M","<65-74>",0
2468,"K","<65-74>",12
2468,"M","<0-44>",0
2468,"K","85+",1
2468,"K","<0-44>",6
2468,"K","<45-54>",11
2468,"K","<75-84>",6
2469,"K","<55-64>",61
2469,"M","<0-44>",1
2469,"M","<45-54>",1
2469,"M","<65-74>",2
2469,"K","<0-44>",20
2469,"M","<55-64>",2
2469,"K","<75-84>",25
2469,"K","<45-54>",35
2469,"M","85+",0
2469,"K","<65-74>",48
2469,"M","<75-84>",1
2469,"K","85+",5
2470,"M","<75-84>",0
2470,"K","<0-44>",6
2470,"M","<45-54>",0
2470,"M","85+",0
2470,"K","85+",1
2470,"K","<65-74>",10
2470,"M","<0-44>",0
2470,"K","<55-64>",14
2470,"K","<75-84>",5
2470,"M","<55-64>",0
2470,"K","<45-54>",10
2470,"M","<65-74>",0
2471,"K","<75-84>",5
2471,"M","85+",0
2471,"M","<45-54>",0
2471,"M","<65-74>",0
2471,"M","<55-64>",0
2471,"K","<0-44>",3
2471,"K","<65-74>",8
2471,"M","<75-84>",0
2471,"K","85+",1
2471,"M","<0-44>",0
2471,"K","<55-64>",11
2471,"K","<45-54>",7
2472,"K","85+",2
2472,"K","<75-84>",10
2472,"M","<55-64>",1
2472,"K","<55-64>",26
2472,"K","<65-74>",20
2472,"M","<75-84>",0
2472,"M","<65-74>",1
2472,"M","<0-44>",1
2472,"M","<45-54>",0
2472,"M","85+",0
2472,"K","<0-44>",9
2472,"K","<45-54>",18
2473,"K","<75-84>",9
2473,"K","<45-54>",16
2473,"M","<0-44>",1
2473,"K","<65-74>",18
2473,"M","<55-64>",1
2473,"K","<0-44>",12
2473,"M","<65-74>",1
2473,"M","85+",0
2473,"M","<45-54>",0
2473,"K","<55-64>",29
2473,"M","<75-84>",0
2473,"K","85+",1
2474,"K","<45-54>",8
2474,"M","<45-54>",0
2474,"M","<75-84>",0
2474,"K","<75-84>",5
2474,"M","<55-64>",0
2474,"M","<65-74>",0
2474,"K","85+",1
2474,"K","<55-64>",13
2474,"K","<65-74>",10
2474,"M","<0-44>",0
2474,"M","85+",0
2474,"K","<0-44>",5
2475,"M","<45-54>",1
2475,"K","<45-54>",24
2475,"M","<75-84>",0
2475,"M","85+",0
2475,"K","<75-84>",17
2475,"M","<65-74>",1
2475,"M","<55-64>",1
2475,"M","<0-44>",1
2475,"K","<55-64>",50
2475,"K","<65-74>",32
2475,"K","85+",3
2475,"K","<0-44>",14
2476,"M","<0-44>",0
2476,"K","85+",1
2476,"M","<45-54>",0
2476,"K","<75-84>",3
2476,"M","<55-64>",0
2476,"K","<0-44>",3
2476,"K","<45-54>",6
2476,"K","<65-74>",6
2476,"M","<75-84>",0
2476,"M","<65-74>",0
2476,"K","<55-64>",9
2476,"M","85+",0
2477,"M","<0-44>",0
2477,"K","85+",2
2477,"M","<55-64>",1
2477,"M","<75-84>",0
2477,"M","85+",0
2477,"K","<55-64>",30
2477,"M","<45-54>",0
2477,"M","<65-74>",1
2477,"K","<75-84>",9
2477,"K","<0-44>",8
2477,"K","<45-54>",15
2477,"K","<65-74>",15
2478,"K","<65-74>",23
2478,"M","85+",0
2478,"K","85+",3
2478,"M","<45-54>",0
2478,"K","<0-44>",12
2478,"M","<55-64>",1
2478,"M","<65-74>",1
2478,"M","<75-84>",1
2478,"K","<45-54>",24
2478,"M","<0-44>",1
2478,"K","<75-84>",15
2478,"K","<55-64>",31
2479,"M","<75-84>",0
2479,"K","<75-84>",2
2479,"M","85+",0
2479,"M","<55-64>",0
2479,"K","<65-74>",6
2479,"K","85+",0
2479,"M","<0-44>",0
2479,"K","<55-64>",13
2479,"K","<0-44>",4
2479,"M","<45-54>",0
2479,"K","<45-54>",5
2479,"M","<65-74>",0
2601,"K","<55-64>",10
2601,"K","85+",1
2601,"M","<45-54>",0
2601,"M","<55-64>",0
2601,"K","<75-84>",5
2601,"M","85+",0
2601,"K","<0-44>",4
2601,"M","<65-74>",0
2601,"K","<45-54>",7
2601,"M","<0-44>",0
2601,"K","<65-74>",7
2601,"M","<75-84>",0
2602,"K","<0-44>",11
2602,"M","<65-74>",1
2602,"K","<45-54>",9
2602,"M","<75-84>",0
2602,"K","<65-74>",8
2602,"M","<55-64>",1
2602,"M","<45-54>",0
2602,"K","<75-84>",6
2602,"K","85+",2
2602,"M","85+",0
2602,"K","<55-64>",15
2602,"M","<0-44>",1
2603,"M","<75-84>",0
2603,"K","<75-84>",2
2603,"K","<65-74>",2
2603,"M","<55-64>",0
2603,"M","<0-44>",0
2603,"M","<45-54>",0
2603,"M","<65-74>",0
2603,"K","<55-64>",4
2603,"K","85+",0
2603,"K","<45-54>",3
2603,"M","85+",0
2603,"K","<0-44>",2
2604,"M","<65-74>",1
2604,"K","<75-84>",9
2604,"M","<75-84>",0
2604,"K","<55-64>",23
2604,"M","<45-54>",0
2604,"K","85+",3
2604,"K","<65-74>",14
2604,"K","<0-44>",18
2604,"M","<55-64>",1
2604,"M","85+",0
2604,"M","<0-44>",1
2604,"K","<45-54>",20
2605,"M","<55-64>",1
2605,"M","<45-54>",0
2605,"M","85+",0
2605,"K","<55-64>",13
2605,"K","<75-84>",5
2605,"K","85+",1
2605,"K","<45-54>",9
2605,"M","<75-84>",0
2605,"M","<65-74>",0
2605,"K","<0-44>",4
2605,"K","<65-74>",8
2605,"M","<0-44>",1
2606,"M","<45-54>",0
2606,"M","<0-44>",0
2606,"M","<55-64>",0
2606,"M","85+",0
2606,"M","<75-84>",0
2606,"K","85+",1
2606,"M","<65-74>",0
2606,"K","<45-54>",6
2606,"K","<75-84>",4
2606,"K","<55-64>",8
2606,"K","<0-44>",3
2606,"K","<65-74>",4
2607,"M","<0-44>",0
2607,"M","<55-64>",1
2607,"K","<45-54>",13
2607,"M","<75-84>",0
2607,"M","<45-54>",0
2607,"K","<75-84>",8
2607,"K","<0-44>",8
2607,"K","85+",2
2607,"M","85+",0
2607,"K","<55-64>",23
2607,"M","<65-74>",1
2607,"K","<65-74>",15
2608,"K","85+",1
2608,"M","<75-84>",0
2608,"M","<65-74>",0
2608,"K","<45-54>",4
2608,"M","<55-64>",0
2608,"M","<45-54>",0
2608,"K","<55-64>",6
2608,"K","<75-84>",3
2608,"K","<0-44>",2
2608,"M","<0-44>",0
2608,"K","<65-74>",4
2608,"M","85+",0
2609,"M","<75-84>",0
2609,"K","85+",1
2609,"M","<55-64>",0
2609,"K","<65-74>",9
2609,"K","<0-44>",6
2609,"K","<55-64>",14
2609,"M","85+",0
2609,"M","<0-44>",0
2609,"K","<75-84>",5
2609,"M","<45-54>",0
2609,"M","<65-74>",0
2609,"K","<45-54>",9
261,"K","<55-64>",17
261,"M","<45-54>",0
261,"K","85+",2
261,"K","<65-74>",9
261,"M","85+",0
261,"M","<55-64>",0
261,"M","<75-84>",0
261,"K","<0-44>",5
261,"K","<45-54>",8
261,"M","<0-44>",0
261,"M","<65-74>",0
261,"K","<75-84>",7
2610,"M","<55-64>",0
2610,"K","<65-74>",8
2610,"M","<65-74>",1
2610,"M","85+",0
2610,"K","<0-44>",5
2610,"K","<75-84>",7
2610,"K","<45-54>",9
2610,"M","<75-84>",0
2610,"K","<55-64>",14
2610,"K","85+",1
2610,"M","<0-44>",0
2610,"M","<45-54>",0
2611,"M","<45-54>",1
2611,"K","<45-54>",11
2611,"M","<55-64>",1
2611,"K","<0-44>",7
2611,"K","<55-64>",19
2611,"K","85+",1
2611,"M","85+",0
2611,"K","<75-84>",8
2611,"M","<75-84>",0
2611,"M","<0-44>",1
2611,"M","<65-74>",1
2611,"K","<65-74>",12
2612,"M","<45-54>",0
2612,"M","<0-44>",0
2612,"M","<65-74>",0
2612,"M","85+",0
2612,"K","<75-84>",4
2612,"K","<55-64>",11
2612,"K","<0-44>",5
2612,"M","<55-64>",0
2612,"K","<45-54>",7
2612,"K","<65-74>",7
2612,"K","85+",1
2612,"M","<75-84>",0
2613,"K","<75-84>",3
2613,"M","<0-44>",1
2613,"K","<45-54>",5
2613,"K","<65-74>",5
2613,"M","<55-64>",0
2613,"M","<45-54>",0
2613,"M","85+",0
2613,"K","85+",1
2613,"K","<55-64>",8
2613,"M","<65-74>",0
2613,"M","<75-84>",0
2613,"K","<0-44>",4
262,"M","<55-64>",1
262,"K","<0-44>",6
262,"M","<75-84>",0
262,"K","<65-74>",12
262,"M","<45-54>",0
262,"K","<55-64>",22
262,"M","<65-74>",1
262,"M","<0-44>",0
262,"K","<75-84>",7
262,"M","85+",0
262,"K","<45-54>",12
262,"K","85+",2
264,"K","<0-44>",49
264,"M","<0-44>",6
264,"K","85+",15
264,"K","<65-74>",84
264,"K","<75-84>",54
264,"M","<75-84>",3
264,"M","<45-54>",2
264,"K","<55-64>",133
264,"M","<65-74>",5
264,"M","85+",1
264,"M","<55-64>",5
264,"K","<45-54>",61
2661,"M","<65-74>",1
2661,"K","85+",4
2661,"K","<65-74>",28
2661,"M","85+",0
2661,"K","<75-84>",16
2661,"K","<55-64>",42
2661,"K","<0-44>",11
2661,"K","<45-54>",22
2661,"M","<75-84>",0
2661,"M","<45-54>",0
2661,"M","<0-44>",1
2661,"M","<55-64>",1
2801,"K","<65-74>",6
2801,"K","<45-54>",6
2801,"M","<0-44>",0
2801,"M","<65-74>",0
2801,"M","<75-84>",0
2801,"M","<55-64>",0
2801,"K","85+",1
2801,"M","85+",0
2801,"K","<75-84>",3
2801,"M","<45-54>",0
2801,"K","<55-64>",11
2801,"K","<0-44>",4
2802,"M","85+",0
2802,"K","<65-74>",4
2802,"K","<0-44>",3
2802,"M","<75-84>",0
2802,"K","85+",1
2802,"M","<45-54>",0
2802,"M","<65-74>",0
2802,"M","<0-44>",0
2802,"K","<55-64>",7
2802,"K","<45-54>",5
2802,"K","<75-84>",2
2802,"M","<55-64>",0
2803,"M","<55-64>",0
2803,"M","<75-84>",0
2803,"K","<75-84>",3
2803,"K","<55-64>",9
2803,"M","85+",0
2803,"M","<45-54>",0
2803,"M","<65-74>",0
2803,"K","<45-54>",6
2803,"M","<0-44>",0
2803,"K","<0-44>",4
2803,"K","<65-74>",6
2803,"K","85+",0
2804,"M","<65-74>",0
2804,"K","<75-84>",3
2804,"K","<65-74>",4
2804,"M","<55-64>",0
2804,"K","85+",0
2804,"M","<45-54>",0
2804,"M","<0-44>",0
2804,"K","<0-44>",4
2804,"M","<75-84>",0
2804,"M","85+",0
2804,"K","<55-64>",9
2804,"K","<45-54>",6
2805,"K","<75-84>",4
2805,"K","<0-44>",6
2805,"K","<55-64>",12
2805,"M","<45-54>",0
2805,"K","<65-74>",7
2805,"M","<0-44>",1
2805,"K","85+",1
2805,"M","<55-64>",1
2805,"M","85+",0
2805,"K","<45-54>",10
2805,"M","<65-74>",0
2805,"M","<75-84>",0
2806,"M","<65-74>",0
2806,"K","<75-84>",3
2806,"M","<75-84>",0
2806,"K","<55-64>",9
2806,"M","<55-64>",0
2806,"K","<45-54>",7
2806,"M","<45-54>",0
2806,"M","85+",0
2806,"M","<0-44>",0
2806,"K","85+",1
2806,"K","<0-44>",3
2806,"K","<65-74>",5
2807,"K","85+",1
2807,"M","<65-74>",0
2807,"K","<75-84>",4
2807,"K","<55-64>",14
2807,"M","85+",0
2807,"M","<45-54>",0
2807,"M","<55-64>",0
2807,"M","<75-84>",0
2807,"M","<0-44>",0
2807,"K","<65-74>",7
2807,"K","<0-44>",5
2807,"K","<45-54>",9
2808,"M","<0-44>",0
2808,"K","<75-84>",3
2808,"M","<65-74>",0
2808,"K","<0-44>",4
2808,"M","<75-84>",0
2808,"M","85+",0
2808,"K","<45-54>",7
2808,"K","<55-64>",11
2808,"K","85+",1
2808,"K","<65-74>",5
2808,"M","<55-64>",0
2808,"M","<45-54>",0
2809,"M","<0-44>",0
2809,"M","85+",0
2809,"K","<0-44>",3
2809,"K","<55-64>",7
2809,"M","<45-54>",0
2809,"M","<65-74>",0
2809,"K","<45-54>",4
2809,"K","<75-84>",2
2809,"K","<65-74>",4
2809,"K","85+",1
2809,"M","<55-64>",0
2809,"M","<75-84>",0
2810,"K","<0-44>",3
2810,"K","<45-54>",5
2810,"M","<0-44>",0
2810,"M","<75-84>",0
2810,"K","<75-84>",2
2810,"K","85+",0
2810,"M","85+",0
2810,"M","<55-64>",0
2810,"K","<65-74>",4
2810,"M","<45-54>",0
2810,"K","<55-64>",8
2810,"M","<65-74>",0
2811,"M","<65-74>",0
2811,"M","<0-44>",0
2811,"K","<55-64>",5
2811,"M","85+",0
2811,"K","<65-74>",2
2811,"K","<0-44>",2
2811,"K","<45-54>",4
2811,"M","<75-84>",0
2811,"K","85+",0
2811,"M","<45-54>",0
2811,"K","<75-84>",2
2811,"M","<55-64>",0
2813,"K","<65-74>",2
2813,"M","<45-54>",0
2813,"M","<65-74>",0
2813,"M","85+",0
2813,"K","85+",0
2813,"K","<55-64>",4
2813,"K","<0-44>",4
2813,"K","<75-84>",1
2813,"K","<45-54>",3
2813,"M","<0-44>",0
2813,"M","<55-64>",0
2813,"M","<75-84>",0
2814,"K","85+",2
2814,"M","<75-84>",0
2814,"K","<45-54>",15
2814,"M","<45-54>",1
2814,"M","<65-74>",1
2814,"K","<65-74>",9
2814,"K","<0-44>",20
2814,"M","<0-44>",1
2814,"K","<75-84>",5
2814,"M","<55-64>",1
2814,"M","85+",0
2814,"K","<55-64>",20
2815,"K","<65-74>",8
2815,"M","<45-54>",0
2815,"M","<55-64>",1
2815,"K","85+",1
2815,"K","<55-64>",17
2815,"M","85+",0
2815,"K","<45-54>",11
2815,"K","<75-84>",6
2815,"K","<0-44>",6
2815,"M","<65-74>",1
2815,"M","<75-84>",0
2815,"M","<0-44>",0
2816,"M","<45-54>",0
2816,"M","<0-44>",0
2816,"K","<75-84>",3
2816,"M","<55-64>",0
2816,"K","85+",0
2816,"M","<75-84>",0
2816,"M","<65-74>",0
2816,"K","<55-64>",8
2816,"K","<65-74>",4
2816,"M","85+",0
2816,"K","<0-44>",4
2816,"K","<45-54>",7
2817,"K","<0-44>",5
2817,"K","85+",1
2817,"K","<45-54>",7
2817,"M","<0-44>",0
2817,"K","<75-84>",3
2817,"M","<45-54>",0
2817,"M","85+",0
2817,"M","<65-74>",0
2817,"K","<65-74>",7
2817,"M","<75-84>",0
2817,"K","<55-64>",12
2817,"M","<55-64>",0
2819,"K","<55-64>",3
2819,"K","<75-84>",1
2819,"K","<45-54>",2
2819,"M","<75-84>",0
2819,"M","<45-54>",0
2819,"M","<0-44>",0
2819,"K","<0-44>",2
2819,"K","<65-74>",2
2819,"M","<65-74>",0
2819,"M","85+",0
2819,"K","85+",1
2819,"M","<55-64>",0
2861,"M","<0-44>",0
2861,"K","<45-54>",15
2861,"M","<75-84>",0
2861,"K","<0-44>",8
2861,"M","<65-74>",1
2861,"K","<75-84>",9
2861,"M","<55-64>",1
2861,"K","85+",2
2861,"M","85+",0
2861,"K","<65-74>",15
2861,"M","<45-54>",0
2861,"K","<55-64>",28
2862,"M","<45-54>",0
2862,"M","85+",0
2862,"K","<65-74>",21
2862,"K","<75-84>",12
2862,"M","<55-64>",1
2862,"M","<0-44>",1
2862,"M","<75-84>",1
2862,"K","<45-54>",20
2862,"K","85+",4
2862,"K","<0-44>",13
2862,"M","<65-74>",1
2862,"K","<55-64>",37
3001,"M","85+",0
3001,"K","<65-74>",5
3001,"K","<0-44>",3
3001,"M","<45-54>",0
3001,"K","<55-64>",9
3001,"M","<55-64>",0
3001,"M","<0-44>",1
3001,"K","<45-54>",5
3001,"M","<65-74>",0
3001,"M","<75-84>",0
3001,"K","85+",0
3001,"K","<75-84>",3
3002,"K","<55-64>",13
3002,"M","<0-44>",0
3002,"K","<75-84>",4
3002,"K","85+",1
3002,"M","<55-64>",0
3002,"M","<75-84>",0
3002,"K","<45-54>",9
3002,"M","<65-74>",0
3002,"K","<65-74>",8
3002,"K","<0-44>",6
3002,"M","<45-54>",0
3002,"M","85+",0
3003,"K","<45-54>",15
3003,"M","<65-74>",0
3003,"M","<55-64>",1
3003,"M","<75-84>",0
3003,"K","<75-84>",7
3003,"M","<45-54>",0
3003,"K","<0-44>",10
3003,"K","85+",2
3003,"K","<65-74>",12
3003,"M","85+",0
3003,"M","<0-44>",0
3003,"K","<55-64>",20
3004,"K","<65-74>",7
3004,"K","<45-54>",9
3004,"K","<55-64>",12
3004,"M","<0-44>",0
3004,"K","85+",1
3004,"M","<65-74>",0
3004,"K","<75-84>",5
3004,"M","85+",0
3004,"M","<55-64>",0
3004,"M","<45-54>",0
3004,"M","<75-84>",0
3004,"K","<0-44>",6
3005,"M","85+",0
3005,"M","<0-44>",1
3005,"M","<45-54>",0
3005,"M","<65-74>",0
3005,"K","<45-54>",7
3005,"K","85+",1
3005,"M","<75-84>",0
3005,"M","<0-44>",2
3005,"K","85+",2
3005,"M","<65-74>",1
3005,"M","<55-64>",1
3005,"K","<75-84>",7
3005,"K","<0-44>",8
3005,"K","<55-64>",17
3005,"K","<55-64>",8
3005,"K","<0-44>",13
3005,"M","<75-84>",0
3005,"M","<55-64>",1
3005,"K","<65-74>",11
3005,"K","<45-54>",12
3005,"K","<75-84>",3
3005,"K","<65-74>",5
3005,"M","<45-54>",1
3005,"M","85+",0
3006,"K","<75-84>",3
3006,"K","<45-54>",7
3006,"K","85+",1
3006,"M","<45-54>",0
3006,"M","<65-74>",0
3006,"M","<75-84>",0
3006,"M","<55-64>",0
3006,"K","<65-74>",7
3006,"M","85+",0
3006,"K","<55-64>",12
3006,"K","<0-44>",3
3006,"M","<0-44>",0
3007,"M","85+",0
3007,"M","<0-44>",0
3007,"K","<55-64>",11
3007,"K","<65-74>",7
3007,"M","<45-54>",0
3007,"K","<0-44>",5
3007,"K","85+",1
3007,"M","<55-64>",0
3007,"M","<65-74>",0
3007,"M","<75-84>",0
3007,"K","<45-54>",7
3007,"K","<75-84>",4
3008,"M","<65-74>",0
3008,"K","<45-54>",4
3008,"K","<75-84>",2
3008,"M","<55-64>",0
3008,"K","<55-64>",7
3008,"K","<0-44>",3
3008,"M","85+",0
3008,"K","85+",0
3008,"M","<75-84>",0
3008,"M","<0-44>",0
3008,"M","<45-54>",0
3008,"K","<65-74>",4
3009,"K","<45-54>",11
3009,"K","<55-64>",14
3009,"M","<65-74>",0
3009,"M","<0-44>",0
3009,"K","<0-44>",7
3009,"M","<75-84>",0
3009,"K","<65-74>",9
3009,"M","85+",0
3009,"M","<55-64>",1
3009,"M","<45-54>",0
3009,"K","85+",1
3009,"K","<75-84>",5
3010,"M","<45-54>",0
3010,"K","<75-84>",7
3010,"K","<45-54>",15
3010,"M","<65-74>",0
3010,"K","85+",1
3010,"M","<0-44>",0
3010,"K","<65-74>",12
3010,"M","<75-84>",0
3010,"M","85+",0
3010,"K","<0-44>",10
3010,"K","<55-64>",21
3010,"M","<55-64>",0
3012,"M","<65-74>",0
3012,"M","<55-64>",0
3012,"K","<0-44>",4
3012,"M","<75-84>",0
3012,"M","85+",0
3012,"K","<75-84>",3
3012,"K","85+",1
3012,"K","<45-54>",7
3012,"K","<55-64>",10
3012,"M","<0-44>",0
3012,"K","<65-74>",6
3012,"M","<45-54>",0
3014,"K","<45-54>",4
3014,"M","<0-44>",0
3014,"M","<75-84>",0
3014,"K","<65-74>",3
3014,"M","85+",0
3014,"M","<55-64>",0
3014,"K","85+",0
3014,"M","<65-74>",0
3014,"K","<55-64>",7
3014,"K","<75-84>",2
3014,"M","<45-54>",0
3014,"K","<0-44>",3
3015,"M","<0-44>",0
3015,"M","<65-74>",0
3015,"K","<0-44>",5
3015,"M","<55-64>",0
3015,"K","<75-84>",3
3015,"M","<75-84>",0
3015,"K","<55-64>",11
3015,"M","85+",0
3015,"K","<65-74>",6
3015,"K","<45-54>",8
3015,"M","<45-54>",0
3015,"K","85+",1
3017,"K","85+",1
3017,"K","85+",1
3017,"K","<65-74>",15
3017,"M","<55-64>",0
3017,"M","<65-74>",0
3017,"K","<0-44>",10
3017,"M","85+",0
3017,"M","<0-44>",0
3017,"M","<0-44>",0
3017,"M","<55-64>",1
3017,"K","<75-84>",5
3017,"M","<65-74>",1
3017,"M","<45-54>",0
3017,"K","<45-54>",8
3017,"K","<65-74>",7
3017,"M","85+",0
3017,"K","<45-54>",19
3017,"M","<75-84>",0
3017,"K","<55-64>",27
3017,"K","<0-44>",4
3017,"K","<75-84>",8
3017,"K","<55-64>",12
3017,"M","<45-54>",0
3017,"M","<75-84>",0
3018,"M","<65-74>",0
3018,"K","<45-54>",5
3018,"M","<75-84>",0
3018,"M","<45-54>",0
3018,"K","85+",0
3018,"M","<0-44>",0
3018,"M","<55-64>",0
3018,"K","<0-44>",3
3018,"M","85+",0
3018,"K","<55-64>",6
3018,"K","<75-84>",2
3018,"K","<65-74>",3
3019,"K","<65-74>",12
3019,"K","85+",1
3019,"M","<45-54>",1
3019,"K","<0-44>",11
3019,"K","<55-64>",24
3019,"M","<0-44>",1
3019,"M","<65-74>",1
3019,"M","85+",0
3019,"M","<75-84>",0
3019,"K","<45-54>",16
3019,"K","<75-84>",6
3019,"M","<55-64>",1
3021,"M","<75-84>",1
3021,"K","<65-74>",33
3021,"M","<45-54>",4
3021,"K","<45-54>",51
3021,"K","<75-84>",18
3021,"K","<55-64>",60
3021,"M","85+",0
3021,"K","85+",3
3021,"M","<0-44>",12
3021,"M","<65-74>",3
3021,"K","<0-44>",54
3021,"M","<55-64>",4
3022,"M","<0-44>",1
3022,"M","<65-74>",0
3022,"K","<55-64>",10
3022,"M","<45-54>",0
3022,"K","85+",1
3022,"M","<55-64>",1
3022,"M","<75-84>",0
3022,"K","<65-74>",6
3022,"K","<0-44>",5
3022,"K","<75-84>",3
3022,"M","85+",0
3022,"K","<45-54>",7
3023,"M","<65-74>",0
3023,"M","<0-44>",0
3023,"M","<75-84>",0
3023,"K","<55-64>",9
3023,"K","<0-44>",3
3023,"K","85+",0
3023,"M","<45-54>",0
3023,"K","<65-74>",5
3023,"M","<55-64>",0
3023,"K","<75-84>",3
3023,"K","<45-54>",5
3023,"M","85+",0
3024,"K","<75-84>",5
3024,"M","<45-54>",0
3024,"M","<55-64>",1
3024,"M","85+",0
3024,"K","85+",1
3024,"K","<45-54>",10
3024,"M","<0-44>",1
3024,"K","<0-44>",8
3024,"K","<55-64>",14
3024,"M","<65-74>",1
3024,"M","<75-84>",0
3024,"K","<65-74>",8
3025,"K","<75-84>",3
3025,"M","<65-74>",0
3025,"M","85+",0
3025,"K","85+",1
3025,"K","<45-54>",7
3025,"K","<55-64>",8
3025,"K","<75-84>",3
3025,"M","<75-84>",0
3025,"M","<0-44>",0
3025,"M","85+",0
3025,"K","<65-74>",5
3025,"M","<55-64>",0
3025,"M","<0-44>",0
3025,"K","<0-44>",6
3025,"M","<75-84>",0
3025,"M","<45-54>",0
3025,"K","<0-44>",6
3025,"K","<65-74>",4
3025,"M","<55-64>",0
3025,"M","<65-74>",0
3025,"K","<45-54>",8
3025,"K","<55-64>",9
3025,"M","<45-54>",0
3025,"K","85+",1
3026,"M","85+",0
3026,"M","<75-84>",0
3026,"K","<55-64>",9
3026,"M","<0-44>",0
3026,"K","<75-84>",3
3026,"K","<0-44>",3
3026,"M","<55-64>",0
3026,"K","85+",0
3026,"K","<45-54>",7
3026,"M","<65-74>",0
3026,"K","<65-74>",5
3026,"M","<45-54>",0
3027,"M","<45-54>",0
3027,"K","<65-74>",9
3027,"M","<0-44>",0
3027,"K","<0-44>",6
3027,"M","85+",0
3027,"K","<45-54>",9
3027,"M","<65-74>",0
3027,"K","<75-84>",5
3027,"M","<55-64>",0
3027,"M","<75-84>",0
3027,"K","85+",1
3027,"K","<55-64>",14
3029,"M","<0-44>",0
3029,"M","85+",0
3029,"M","<55-64>",0
3029,"M","<75-84>",0
3029,"K","85+",0
3029,"K","<0-44>",4
3029,"K","<45-54>",5
3029,"K","<75-84>",2
3029,"K","<65-74>",5
3029,"K","<55-64>",8
3029,"M","<45-54>",0
3029,"M","<65-74>",0
3030,"K","<0-44>",4
3030,"K","<55-64>",10
3030,"M","<45-54>",0
3030,"K","<75-84>",3
3030,"K","<65-74>",6
3030,"K","<45-54>",6
3030,"M","85+",0
3030,"K","85+",1
3030,"M","<55-64>",0
3030,"M","<0-44>",0
3030,"M","<75-84>",0
3030,"M","<65-74>",0
3031,"K","<65-74>",7
3031,"M","<65-74>",0
3031,"M","<0-44>",0
3031,"K","<75-84>",4
3031,"K","85+",1
3031,"K","<55-64>",13
3031,"M","<45-54>",0
3031,"K","<0-44>",5
3031,"M","85+",0
3031,"M","<55-64>",0
3031,"K","<45-54>",7
3031,"M","<75-84>",0
3061,"M","<55-64>",0
3061,"M","<65-74>",0
3061,"K","<65-74>",16
3061,"M","85+",0
3061,"M","<0-44>",0
3061,"M","<45-54>",0
3061,"K","<55-64>",21
3061,"K","<0-44>",6
3061,"M","<75-84>",0
3061,"K","<45-54>",11
3061,"K","85+",2
3061,"K","<75-84>",9
3062,"M","<65-74>",0
3062,"K","<65-74>",13
3062,"M","<75-84>",0
3062,"M","85+",0
3062,"K","<45-54>",8
3062,"K","<55-64>",18
3062,"K","<75-84>",6
3062,"K","<0-44>",7
3062,"M","<0-44>",0
3062,"M","<45-54>",0
3062,"K","85+",1
3062,"M","<55-64>",0
3063,"M","<0-44>",0
3063,"M","<65-74>",0
3063,"K","<75-84>",4
3063,"M","<75-84>",0
3063,"M","<55-64>",0
3063,"K","<55-64>",12
3063,"K","<65-74>",8
3063,"K","85+",1
3063,"K","<45-54>",8
3063,"K","<0-44>",4
3063,"M","<45-54>",0
3063,"M","85+",0
3064,"M","85+",1
3064,"K","<55-64>",114
3064,"M","<0-44>",3
3064,"K","<65-74>",77
3064,"M","<45-54>",2
3064,"K","85+",14
3064,"M","<75-84>",2
3064,"K","<0-44>",42
3064,"K","<75-84>",48
3064,"K","<45-54>",56
3064,"M","<55-64>",4
3064,"M","<65-74>",5
3201,"K","<45-54>",5
3201,"K","<75-84>",2
3201,"M","<0-44>",0
3201,"K","<0-44>",5
3201,"M","<65-74>",0
3201,"K","<65-74>",4
3201,"K","<55-64>",9
3201,"K","85+",1
3201,"M","<45-54>",0
3201,"M","<75-84>",0
3201,"M","<55-64>",0
3201,"M","85+",0
3202,"K","<45-54>",7
3202,"K","85+",1
3202,"K","<55-64>",10
3202,"M","<65-74>",0
3202,"M","<45-54>",0
3202,"M","<55-64>",0
3202,"K","<75-84>",3
3202,"M","85+",0
3202,"K","<0-44>",4
3202,"M","<75-84>",0
3202,"M","<0-44>",0
3202,"K","<65-74>",5
3203,"M","<0-44>",0
3203,"K","<65-74>",4
3203,"K","<75-84>",2
3203,"M","85+",0
3203,"K","85+",0
3203,"M","<75-84>",0
3203,"M","<45-54>",0
3203,"M","<55-64>",0
3203,"K","<55-64>",9
3203,"M","<65-74>",0
3203,"K","<0-44>",4
3203,"K","<45-54>",6
3204,"M","<55-64>",0
3204,"M","<45-54>",0
3204,"M","<0-44>",0
3204,"K","<65-74>",7
3204,"K","<75-84>",4
3204,"K","<45-54>",9
3204,"K","<55-64>",15
3204,"M","<65-74>",0
3204,"K","<0-44>",7
3204,"M","85+",0
3204,"M","<75-84>",0
3204,"K","85+",1
3205,"K","<0-44>",6
3205,"K","<75-84>",2
3205,"K","<45-54>",6
3205,"M","<55-64>",0
3205,"M","<65-74>",0
3205,"K","<55-64>",8
3205,"M","<75-84>",0
3205,"M","85+",0
3205,"K","<65-74>",3
3205,"K","85+",1
3205,"M","<0-44>",0
3205,"M","<45-54>",0
3206,"K","85+",1
3206,"M","<55-64>",1
3206,"K","<75-84>",5
3206,"M","<0-44>",0
3206,"K","<45-54>",10
3206,"M","<75-84>",0
3206,"M","85+",0
3206,"K","<0-44>",7
3206,"M","<65-74>",1
3206,"K","<55-64>",14
3206,"M","<45-54>",0
3206,"K","<65-74>",7
3208,"K","<45-54>",10
3208,"K","<55-64>",15
3208,"K","<75-84>",5
3208,"M","<65-74>",0
3208,"M","<75-84>",0
3208,"K","<65-74>",8
3208,"M","<55-64>",0
3208,"M","<0-44>",0
3208,"K","85+",1
3208,"M","<45-54>",0
3208,"K","<0-44>",6
3208,"M","85+",0
3209,"K","<65-74>",5
3209,"M","<55-64>",1
3209,"M","<75-84>",0
3209,"K","<75-84>",3
3209,"M","85+",0
3209,"K","<55-64>",11
3209,"K","<0-44>",5
3209,"M","<45-54>",0
3209,"M","<65-74>",0
3209,"M","<0-44>",0
3209,"K","<45-54>",8
3209,"K","85+",1
3210,"M","<55-64>",0
3210,"K","<75-84>",4
3210,"K","<0-44>",5
3210,"K","<55-64>",13
3210,"M","<0-44>",0
3210,"K","<45-54>",8
3210,"M","<65-74>",0
3210,"K","85+",1
3210,"K","<65-74>",7
3210,"M","<75-84>",0
3210,"M","<45-54>",0
3210,"M","85+",0
3211,"K","<65-74>",5
3211,"M","<0-44>",1
3211,"K","85+",1
3211,"K","<75-84>",3
3211,"M","<65-74>",0
3211,"K","<55-64>",13
3211,"K","<45-54>",9
3211,"M","<55-64>",1
3211,"M","<75-84>",0
3211,"K","<0-44>",7
3211,"M","<45-54>",0
3211,"M","85+",0
3213,"K","<65-74>",6
3213,"K","<0-44>",5
3213,"M","<45-54>",0
3213,"K","<75-84>",4
3213,"M","85+",0
3213,"K","85+",1
3213,"M","<65-74>",0
3213,"K","<45-54>",8
3213,"K","<55-64>",11
3213,"M","<0-44>",0
3213,"M","<75-84>",0
3213,"M","<55-64>",0
3214,"M","85+",0
3214,"K","<65-74>",10
3214,"K","<75-84>",6
3214,"M","<65-74>",0
3214,"K","<55-64>",21
3214,"K","<0-44>",6
3214,"K","85+",1
3214,"M","<0-44>",0
3214,"M","<45-54>",0
3214,"K","<45-54>",13
3214,"M","<75-84>",0
3214,"M","<55-64>",0
3215,"M","<75-84>",0
3215,"M","<45-54>",0
3215,"M","85+",0
3215,"K","<45-54>",9
3215,"K","<75-84>",4
3215,"K","85+",1
3215,"K","<55-64>",13
3215,"K","<65-74>",7
3215,"K","<0-44>",5
3215,"M","<0-44>",0
3215,"M","<55-64>",0
3215,"M","<65-74>",0
3216,"K","<0-44>",3
3216,"K","<75-84>",2
3216,"M","<65-74>",0
3216,"M","<55-64>",0
3216,"K","85+",1
3216,"M","<45-54>",0
3216,"K","<45-54>",5
3216,"K","<65-74>",4
3216,"M","<75-84>",0
3216,"K","<55-64>",8
3216,"M","<0-44>",0
3216,"M","85+",0
3217,"K","<55-64>",9
3217,"M","<55-64>",0
3217,"K","<75-84>",2
3217,"M","<65-74>",0
3217,"K","<0-44>",4
3217,"M","<0-44>",0
3217,"M","<45-54>",0
3217,"K","85+",1
3217,"K","<45-54>",5
3217,"M","85+",0
3217,"M","<75-84>",0
3217,"K","<65-74>",4
3218,"M","<75-84>",0
3218,"M","<65-74>",0
3218,"K","<0-44>",3
3218,"M","85+",0
3218,"M","<45-54>",0
3218,"K","<65-74>",4
3218,"M","<55-64>",0
3218,"K","<55-64>",7
3218,"M","<0-44>",0
3218,"K","<45-54>",4
3218,"K","<75-84>",2
3218,"K","85+",1
3261,"M","<45-54>",0
3261,"K","85+",1
3261,"K","<45-54>",11
3261,"M","<0-44>",0
3261,"M","<65-74>",1
3261,"M","<55-64>",1
3261,"M","<75-84>",0
3261,"K","<65-74>",16
3261,"M","85+",0
3261,"K","<0-44>",7
3261,"K","<55-64>",25
3261,"K","<75-84>",10
3262,"K","<55-64>",89
3262,"M","<55-64>",3
3262,"M","<45-54>",1
3262,"K","<0-44>",33
3262,"M","85+",0
3262,"M","<75-84>",2
3262,"K","<75-84>",36
3262,"K","<65-74>",53
3262,"M","<65-74>",3
3262,"K","<45-54>",42
3262,"K","85+",10
3262,"M","<0-44>",4
3263,"K","<65-74>",6
3263,"K","<75-84>",3
3263,"K","85+",0
3263,"K","<45-54>",5
3263,"M","<45-54>",1
3263,"M","<55-64>",1
3263,"M","<75-84>",0
3263,"M","<0-44>",2
3263,"K","<0-44>",3
3263,"M","<65-74>",1
3263,"K","<55-64>",10
3263,"M","85+",0
401,"K","<45-54>",7
401,"M","<0-44>",0
401,"M","<65-74>",0
401,"K","<65-74>",6
401,"M","<45-54>",0
401,"K","<0-44>",3
401,"M","<55-64>",0
401,"M","85+",0
401,"K","85+",1
401,"K","<55-64>",10
401,"M","<75-84>",0
401,"K","<75-84>",3
402,"M","<0-44>",0
402,"K","<0-44>",6
402,"M","<45-54>",0
402,"K","<45-54>",7
402,"K","<65-74>",6
402,"K","85+",1
402,"K","<55-64>",11
402,"M","<55-64>",0
402,"K","<75-84>",3
402,"M","<65-74>",0
402,"M","85+",0
402,"M","<75-84>",0
403,"K","<0-44>",8
403,"M","<45-54>",0
403,"M","<0-44>",0
403,"K","<55-64>",17
403,"M","<55-64>",1
403,"K","<45-54>",13
403,"K","<65-74>",8
403,"K","85+",1
403,"M","<75-84>",0
403,"K","<75-84>",4
403,"M","85+",0
403,"M","<65-74>",0
405,"M","<45-54>",0
405,"K","<0-44>",3
405,"M","85+",0
405,"M","<0-44>",0
405,"K","<75-84>",2
405,"M","<55-64>",0
405,"K","<45-54>",4
405,"K","<55-64>",7
405,"M","<65-74>",0
405,"K","85+",0
405,"K","<65-74>",4
405,"M","<75-84>",0
406,"K","85+",0
406,"M","<0-44>",0
406,"M","<75-84>",0
406,"K","<45-54>",4
406,"M","<45-54>",0
406,"K","<75-84>",1
406,"M","<55-64>",0
406,"K","<0-44>",3
406,"M","85+",0
406,"K","<55-64>",5
406,"M","<65-74>",0
406,"K","<65-74>",3
407,"M","85+",0
407,"K","85+",3
407,"K","<0-44>",11
407,"M","<65-74>",1
407,"M","<45-54>",0
407,"M","<75-84>",0
407,"K","<75-84>",10
407,"K","<55-64>",26
407,"M","<55-64>",1
407,"K","<65-74>",16
407,"K","<45-54>",20
407,"M","<0-44>",0
408,"M","<65-74>",0
408,"K","<0-44>",5
408,"M","<75-84>",0
408,"M","<45-54>",0
408,"M","<0-44>",1
408,"K","<65-74>",6
408,"K","<55-64>",11
408,"K","85+",1
408,"K","<45-54>",7
408,"K","<75-84>",3
408,"M","<55-64>",0
408,"M","85+",0
410,"M","<0-44>",0
410,"K","<55-64>",13
410,"M","85+",0
410,"K","85+",1
410,"K","<65-74>",7
410,"K","<0-44>",5
410,"M","<45-54>",0
410,"M","<65-74>",0
410,"K","<45-54>",9
410,"M","<75-84>",0
410,"K","<75-84>",4
410,"M","<55-64>",0
411,"K","<45-54>",4
411,"M","<75-84>",0
411,"K","<75-84>",2
411,"M","85+",0
411,"M","<0-44>",0
411,"M","<65-74>",0
411,"K","85+",0
411,"K","<0-44>",3
411,"M","<55-64>",0
411,"K","<55-64>",6
411,"M","<45-54>",0
411,"K","<65-74>",4
412,"M","<0-44>",0
412,"K","<65-74>",4
412,"M","<65-74>",0
412,"K","<55-64>",7
412,"K","<75-84>",2
412,"K","<0-44>",3
412,"M","85+",0
412,"K","85+",0
412,"M","<55-64>",0
412,"M","<45-54>",0
412,"K","<45-54>",4
412,"M","<75-84>",0
414,"M","<55-64>",1
414,"M","85+",0
414,"M","<75-84>",0
414,"K","<0-44>",8
414,"M","<0-44>",1
414,"K","<45-54>",10
414,"K","85+",1
414,"K","<55-64>",16
414,"M","<45-54>",0
414,"K","<65-74>",8
414,"K","<75-84>",5
414,"M","<65-74>",1
415,"K","<65-74>",7
415,"K","<45-54>",9
415,"M","<0-44>",1
415,"M","<75-84>",0
415,"M","<65-74>",0
415,"K","<0-44>",6
415,"M","<45-54>",0
415,"K","<75-84>",4
415,"M","<55-64>",0
415,"K","<55-64>",13
415,"K","85+",1
415,"M","85+",0
417,"M","<0-44>",0
417,"M","<65-74>",0
417,"M","<55-64>",0
417,"M","<75-84>",0
417,"K","<75-84>",2
417,"K","<55-64>",6
417,"K","<0-44>",3
417,"K","85+",0
417,"K","<65-74>",3
417,"K","<45-54>",4
417,"M","<45-54>",0
417,"M","85+",0
418,"K","<65-74>",7
418,"M","<65-74>",0
418,"M","85+",0
418,"M","<45-54>",0
418,"K","<75-84>",4
418,"M","<75-84>",0
418,"K","<45-54>",10
418,"K","85+",1
418,"K","<55-64>",13
418,"K","<0-44>",8
418,"M","<55-64>",0
418,"M","<0-44>",1
419,"K","85+",1
419,"M","85+",0
419,"M","<75-84>",0
419,"K","<45-54>",8
419,"K","<55-64>",12
419,"M","<55-64>",0
419,"M","<0-44>",0
419,"M","<65-74>",0
419,"K","<65-74>",7
419,"M","<45-54>",0
419,"K","<0-44>",5
419,"K","<75-84>",3
461,"M","<55-64>",3
461,"K","<75-84>",28
461,"M","85+",0
461,"K","<55-64>",77
461,"K","85+",7
461,"M","<0-44>",1
461,"K","<0-44>",22
461,"K","<65-74>",52
461,"K","<45-54>",37
461,"M","<65-74>",2
461,"M","<75-84>",1
461,"M","<45-54>",1
462,"K","<45-54>",11
462,"K","<75-84>",7
462,"K","<55-64>",20
462,"K","<65-74>",13
462,"M","<65-74>",0
462,"M","<75-84>",0
462,"M","<45-54>",0
462,"M","85+",0
462,"M","<55-64>",1
462,"K","<0-44>",5
462,"M","<0-44>",0
462,"K","85+",1
463,"M","<0-44>",1
463,"K","<55-64>",44
463,"K","85+",5
463,"M","<75-84>",1
463,"M","<55-64>",1
463,"M","85+",0
463,"K","<45-54>",23
463,"K","<0-44>",18
463,"M","<45-54>",0
463,"K","<65-74>",27
463,"M","<65-74>",1
463,"K","<75-84>",15
464,"M","<55-64>",1
464,"M","<0-44>",1
464,"K","<75-84>",9
464,"M","<65-74>",1
464,"K","<65-74>",15
464,"K","85+",2
464,"K","<0-44>",7
464,"K","<45-54>",13
464,"M","<75-84>",0
464,"K","<55-64>",27
464,"M","85+",0
464,"M","<45-54>",0
601,"K","<65-74>",8
601,"K","<0-44>",9
601,"M","85+",0
601,"K","<55-64>",12
601,"M","<75-84>",1
601,"K","<45-54>",10
601,"K","85+",1
601,"M","<55-64>",0
601,"M","<45-54>",0
601,"M","<0-44>",1
601,"K","<75-84>",6
601,"M","<65-74>",1
602,"K","<65-74>",10
602,"M","85+",0
602,"K","<55-64>",16
602,"K","<75-84>",6
602,"M","<0-44>",0
602,"M","<55-64>",1
602,"M","<45-54>",0
602,"K","<45-54>",11
602,"M","<75-84>",0
602,"K","85+",1
602,"M","<65-74>",0
602,"K","<0-44>",6
603,"M","<75-84>",0
603,"K","<55-64>",12
603,"M","<65-74>",0
603,"K","<0-44>",5
603,"K","<75-84>",5
603,"K","<45-54>",8
603,"K","85+",1
603,"K","<65-74>",7
603,"M","<55-64>",0
603,"M","<45-54>",0
603,"M","85+",0
603,"M","<0-44>",0
604,"K","<0-44>",4
604,"M","<65-74>",0
604,"K","<65-74>",6
604,"M","<55-64>",0
604,"K","<45-54>",7
604,"K","85+",1
604,"K","<55-64>",9
604,"M","<0-44>",0
604,"M","<75-84>",0
604,"K","<75-84>",4
604,"M","<45-54>",0
604,"M","85+",0
605,"K","<75-84>",2
605,"M","85+",0
605,"M","<0-44>",0
605,"M","<55-64>",0
605,"M","<75-84>",0
605,"M","<45-54>",0
605,"K","<65-74>",4
605,"K","<45-54>",4
605,"K","85+",0
605,"K","<0-44>",3
605,"K","<55-64>",5
605,"M","<65-74>",0
606,"K","<65-74>",7
606,"K","<55-64>",10
606,"M","<75-84>",0
606,"M","85+",0
606,"M","<55-64>",0
606,"M","<65-74>",0
606,"M","<45-54>",0
606,"M","<0-44>",0
606,"K","<45-54>",7
606,"K","85+",1
606,"K","<0-44>",4
606,"K","<75-84>",6
607,"K","<45-54>",9
607,"K","<65-74>",12
607,"M","<45-54>",0
607,"K","<75-84>",6
607,"M","<0-44>",0
607,"M","85+",0
607,"M","<75-84>",0
607,"K","<55-64>",17
607,"M","<65-74>",0
607,"K","85+",2
607,"K","<0-44>",7
607,"M","<55-64>",0
608,"M","<75-84>",0
608,"K","<55-64>",13
608,"K","<75-84>",5
608,"M","<55-64>",0
608,"M","<0-44>",0
608,"K","<45-54>",8
608,"M","<45-54>",0
608,"M","<65-74>",1
608,"K","85+",2
608,"M","85+",0
608,"K","<0-44>",6
608,"K","<65-74>",7
609,"M","<75-84>",0
609,"K","85+",1
609,"M","85+",0
609,"K","<75-84>",7
609,"K","<0-44>",8
609,"M","<65-74>",1
609,"K","<45-54>",13
609,"K","<55-64>",20
609,"M","<0-44>",0
609,"M","<55-64>",1
609,"K","<65-74>",13
609,"M","<45-54>",0
610,"M","<0-44>",1
610,"K","<45-54>",8
610,"M","<65-74>",0
610,"M","<55-64>",1
610,"K","<0-44>",8
610,"K","<65-74>",4
610,"M","<45-54>",0
610,"K","85+",1
610,"K","<75-84>",3
610,"M","85+",0
610,"K","<55-64>",9
610,"M","<75-84>",0
611,"M","<55-64>",0
611,"M","<0-44>",0
611,"K","<75-84>",5
611,"K","<55-64>",15
611,"M","<45-54>",0
611,"M","<65-74>",0
611,"K","<65-74>",10
611,"K","<45-54>",10
611,"K","85+",1
611,"M","<75-84>",0
611,"K","<0-44>",7
611,"M","85+",0
612,"M","<65-74>",0
612,"M","<75-84>",0
612,"M","85+",0
612,"M","<55-64>",0
612,"K","85+",1
612,"M","<45-54>",0
612,"M","<45-54>",0
612,"K","85+",1
612,"K","<75-84>",4
612,"M","<75-84>",0
612,"M","85+",0
612,"K","<55-64>",9
612,"K","<55-64>",18
612,"K","<65-74>",7
612,"K","<65-74>",12
612,"K","<0-44>",3
612,"K","<45-54>",6
612,"M","<0-44>",0
612,"M","<65-74>",0
612,"M","<55-64>",1
612,"K","<0-44>",8
612,"M","<0-44>",0
612,"K","<75-84>",8
612,"K","<45-54>",16
613,"M","<55-64>",0
613,"K","<55-64>",5
613,"M","85+",0
613,"K","<45-54>",4
613,"K","<75-84>",2
613,"M","<75-84>",0
613,"K","<0-44>",2
613,"M","<0-44>",0
613,"M","<65-74>",0
613,"K","85+",1
613,"M","<45-54>",0
613,"K","<65-74>",3
614,"K","<75-84>",10
614,"K","<55-64>",22
614,"M","<45-54>",0
614,"M","85+",0
614,"M","<55-64>",1
614,"K","<65-74>",17
614,"M","<65-74>",1
614,"K","<45-54>",15
614,"K","<0-44>",11
614,"M","<0-44>",1
614,"M","<75-84>",0
614,"K","85+",2
615,"K","<65-74>",5
615,"K","85+",1
615,"M","<45-54>",0
615,"K","<55-64>",9
615,"M","85+",0
615,"M","<55-64>",0
615,"M","<65-74>",0
615,"M","<75-84>",0
615,"M","<0-44>",0
615,"K","<75-84>",3
615,"K","<0-44>",4
615,"K","<45-54>",6
616,"M","<65-74>",0
616,"K","<0-44>",3
616,"K","<55-64>",9
616,"K","<75-84>",3
616,"M","<45-54>",0
616,"M","85+",0
616,"M","<75-84>",0
616,"M","<55-64>",0
616,"K","<45-54>",6
616,"K","<65-74>",6
616,"K","85+",1
616,"M","<0-44>",0
617,"M","<65-74>",1
617,"M","<75-84>",0
617,"M","<75-84>",0
617,"M","<65-74>",0
617,"K","85+",2
617,"M","<55-64>",0
617,"M","<45-54>",1
617,"K","<75-84>",5
617,"K","<55-64>",12
617,"M","<55-64>",1
617,"M","<0-44>",0
617,"K","<65-74>",9
617,"K","<75-84>",11
617,"M","<0-44>",1
617,"K","<0-44>",13
617,"K","<45-54>",8
617,"M","<45-54>",0
617,"M","85+",0
617,"M","85+",0
617,"K","<55-64>",30
617,"K","<65-74>",16
617,"K","85+",1
617,"K","<0-44>",6
617,"K","<45-54>",18
618,"K","<0-44>",5
618,"M","<75-84>",0
618,"K","<45-54>",10
618,"M","<55-64>",0
618,"K","<0-44>",8
618,"M","<0-44>",0
618,"M","<45-54>",0
618,"M","<0-44>",1
618,"K","<55-64>",23
618,"M","85+",0
618,"M","<75-84>",0
618,"K","<45-54>",14
618,"M","<45-54>",0
618,"M","<65-74>",1
618,"M","85+",0
618,"M","<55-64>",1
618,"K","85+",1
618,"K","<75-84>",7
618,"K","<65-74>",9
618,"K","<75-84>",9
618,"M","<65-74>",1
618,"K","<55-64>",15
618,"K","85+",1
618,"K","<65-74>",13
619,"M","<65-74>",0
619,"K","<55-64>",7
619,"M","85+",0
619,"M","<0-44>",0
619,"M","<45-54>",0
619,"K","85+",1
619,"K","<0-44>",2
619,"K","<45-54>",4
619,"K","<65-74>",4
619,"M","<55-64>",0
619,"M","<75-84>",0
619,"K","<75-84>",2
620,"M","<55-64>",1
620,"M","<0-44>",2
620,"K","<75-84>",6
620,"M","<75-84>",0
620,"K","85+",2
620,"K","<55-64>",11
620,"M","<65-74>",0
620,"M","85+",0
620,"K","<65-74>",8
620,"K","<45-54>",10
620,"M","<45-54>",0
620,"K","<0-44>",7
661,"K","85+",1
661,"K","<0-44>",4
661,"M","<55-64>",0
661,"M","<45-54>",0
661,"M","<75-84>",0
661,"M","<65-74>",0
661,"M","85+",0
661,"K","<55-64>",12
661,"K","<65-74>",5
661,"K","<75-84>",3
661,"K","<45-54>",7
661,"M","<0-44>",0
662,"M","<55-64>",0
662,"M","<45-54>",0
662,"M","<65-74>",0
662,"K","<0-44>",5
662,"K","<55-64>",15
662,"K","85+",1
662,"K","<65-74>",9
662,"K","<75-84>",4
662,"M","<75-84>",0
662,"K","<45-54>",7
662,"M","<0-44>",0
662,"M","85+",0
663,"K","<0-44>",25
663,"M","85+",0
663,"M","<0-44>",1
663,"K","<45-54>",38
663,"K","<75-84>",27
663,"M","<75-84>",1
663,"M","<65-74>",2
663,"K","<55-64>",73
663,"M","<45-54>",1
663,"M","<55-64>",2
663,"K","<65-74>",51
663,"K","85+",7
664,"K","<45-54>",8
664,"M","<75-84>",0
664,"M","85+",0
664,"K","<75-84>",4
664,"K","<0-44>",4
664,"M","<45-54>",0
664,"K","<65-74>",8
664,"M","<55-64>",0
664,"K","85+",1
664,"K","<55-64>",13
664,"M","<65-74>",0
664,"M","<0-44>",0
801,"K","<55-64>",11
801,"K","<75-84>",3
801,"M","<65-74>",0
801,"M","<55-64>",0
801,"M","<45-54>",0
801,"M","<75-84>",0
801,"M","85+",0
801,"K","85+",1
801,"M","<0-44>",0
801,"K","<0-44>",6
801,"K","<65-74>",5
801,"K","<45-54>",8
802,"K","<0-44>",4
802,"K","<75-84>",3
802,"M","<55-64>",0
802,"M","<65-74>",0
802,"M","<0-44>",0
802,"M","85+",0
802,"M","<45-54>",0
802,"K","85+",1
802,"K","<75-84>",7
802,"M","<65-74>",0
802,"K","<55-64>",10
802,"M","<75-84>",0
802,"M","<75-84>",0
802,"M","<55-64>",1
802,"K","<45-54>",12
802,"M","<0-44>",0
802,"M","85+",0
802,"K","<55-64>",16
802,"M","<45-54>",0
802,"K","<45-54>",6
802,"K","<0-44>",8
802,"K","85+",2
802,"K","<65-74>",10
802,"K","<65-74>",5
803,"K","<55-64>",14
803,"K","<65-74>",7
803,"M","<65-74>",0
803,"K","<0-44>",5
803,"M","<45-54>",0
803,"M","85+",0
803,"K","<45-54>",7
803,"M","<75-84>",0
803,"K","<75-84>",3
803,"K","85+",1
803,"M","<0-44>",0
803,"M","<55-64>",0
804,"K","<0-44>",6
804,"K","<75-84>",5
804,"M","<75-84>",0
804,"M","85+",0
804,"K","85+",1
804,"K","<45-54>",8
804,"M","<45-54>",0
804,"K","<65-74>",8
804,"K","<55-64>",16
804,"M","<0-44>",0
804,"M","<65-74>",0
804,"M","<55-64>",0
805,"M","<55-64>",0
805,"K","<45-54>",6
805,"K","<75-84>",2
805,"K","<55-64>",7
805,"M","<45-54>",0
805,"M","<65-74>",0
805,"M","85+",0
805,"M","<0-44>",0
805,"K","<65-74>",3
805,"K","<0-44>",4
805,"M","<75-84>",0
805,"K","85+",0
806,"M","<0-44>",1
806,"K","<55-64>",8
806,"K","<65-74>",5
806,"M","<55-64>",0
806,"K","<75-84>",3
806,"K","<0-44>",4
806,"M","<75-84>",0
806,"M","<45-54>",0
806,"M","<65-74>",0
806,"K","<45-54>",6
806,"M","85+",0
806,"K","85+",1
807,"K","85+",0
807,"K","<55-64>",5
807,"K","<65-74>",2
807,"K","<75-84>",2
807,"M","<75-84>",0
807,"M","85+",0
807,"M","<65-74>",0
807,"K","<0-44>",2
807,"K","<45-54>",4
807,"M","<55-64>",0
807,"M","<0-44>",0
807,"M","<45-54>",0
808,"M","<45-54>",0
808,"M","<55-64>",0
808,"K","<0-44>",3
808,"M","<0-44>",0
808,"K","<55-64>",11
808,"K","<65-74>",6
808,"K","<75-84>",3
808,"M","<65-74>",0
808,"K","85+",1
808,"M","85+",0
808,"K","<45-54>",6
808,"M","<75-84>",0
809,"M","<65-74>",1
809,"K","85+",1
809,"K","<65-74>",8
809,"K","<55-64>",17
809,"K","<75-84>",4
809,"K","<0-44>",8
809,"K","<45-54>",10
809,"M","<55-64>",1
809,"M","<45-54>",0
809,"M","85+",0
809,"M","<0-44>",1
809,"M","<75-84>",0
810,"K","85+",1
810,"K","<45-54>",7
810,"M","<65-74>",0
810,"M","85+",0
810,"K","<55-64>",13
810,"K","<65-74>",7
810,"K","<75-84>",4
810,"M","<55-64>",0
810,"M","<45-54>",0
810,"M","<0-44>",0
810,"M","<75-84>",0
810,"K","<0-44>",4
811,"K","<75-84>",5
811,"K","<65-74>",8
811,"M","<75-84>",0
811,"K","85+",1
811,"K","<45-54>",11
811,"M","<65-74>",0
811,"K","<55-64>",16
811,"K","<0-44>",9
811,"M","<0-44>",1
811,"M","85+",0
811,"M","<45-54>",0
811,"M","<55-64>",1
861,"K","<75-84>",8
861,"M","85+",0
861,"K","<65-74>",14
861,"M","<55-64>",1
861,"M","<45-54>",0
861,"K","<55-64>",24
861,"K","<0-44>",9
861,"K","85+",2
861,"K","<45-54>",12
861,"M","<0-44>",1
861,"M","<75-84>",1
861,"M","<65-74>",1
862,"M","<55-64>",2
862,"M","85+",0
862,"M","<75-84>",0
862,"M","<0-44>",2
862,"K","<75-84>",8
862,"K","<55-64>",28
862,"M","<45-54>",1
862,"K","<65-74>",15
862,"M","<65-74>",1
862,"K","<0-44>",14
862,"K","<45-54>",14
862,"K","85+",2
